{"dataset_name": "data_emptysim.5.200.10.ssm", "mut_assignments": {"1": {"ssms": ["s9", "s8", "s3", "s2", "s1", "s0", "s7", "s6", "s5", "s4"], "cnvs": []}, "2": {"ssms": ["s19", "s18", "s13", "s12", "s11", "s10", "s17", "s16", "s15", "s14"], "cnvs": []}, "3": {"ssms": ["s23", "s36"], "cnvs": []}, "4": {"ssms": ["s29"], "cnvs": []}, "5": {"ssms": ["s21", "s26", "s27", "s24", "s25", "s28", "s35", "s34", "s22", "s20"], "cnvs": []}, "6": {"ssms": ["s32"], "cnvs": []}, "7": {"ssms": ["s33"], "cnvs": []}, "8": {"ssms": ["s39", "s38", "s37", "s31", "s30"], "cnvs": []}}}