{"dataset_name": "data_emptysim.5.200.10.ssm", "mut_assignments": {"1": {"ssms": ["s9", "s8", "s3", "s2", "s1", "s0", "s7", "s6", "s5", "s4", "s10"], "cnvs": []}, "2": {"ssms": ["s19", "s18", "s13", "s12", "s11", "s17", "s16", "s14"], "cnvs": []}, "3": {"ssms": ["s24"], "cnvs": []}, "4": {"ssms": ["s38"], "cnvs": []}, "5": {"ssms": ["s33", "s30"], "cnvs": []}, "6": {"ssms": ["s21", "s26", "s27", "s25", "s29", "s15", "s22", "s20"], "cnvs": []}, "7": {"ssms": ["s35", "s32", "s28"], "cnvs": []}, "8": {"ssms": ["s37", "s31"], "cnvs": []}, "9": {"ssms": ["s39", "s34", "s23", "s36"], "cnvs": []}}}