{"dataset_name": "data_emptysim.5.200.10.ssm", "mut_assignments": {"1": {"ssms": ["s9", "s8", "s3", "s2", "s1", "s0", "s7", "s6", "s5", "s4", "s10"], "cnvs": []}, "2": {"ssms": ["s25", "s19", "s18", "s13", "s12", "s11", "s17", "s16", "s15", "s14"], "cnvs": []}, "3": {"ssms": ["s33"], "cnvs": []}, "4": {"ssms": ["s21", "s26", "s27", "s24", "s28", "s22", "s20"], "cnvs": []}, "5": {"ssms": ["s30", "s31", "s23"], "cnvs": []}, "6": {"ssms": ["s35", "s34", "s29", "s36"], "cnvs": []}, "7": {"ssms": ["s39"], "cnvs": []}, "8": {"ssms": ["s38", "s32", "s37"], "cnvs": []}}}