{"dataset_name": "data_emptysim.5.200.10.ssm", "mut_assignments": {"1": {"ssms": ["s9", "s8", "s2", "s1", "s0", "s7", "s6", "s5", "s4", "s10"], "cnvs": []}, "2": {"ssms": ["s3", "s25", "s19", "s18", "s13", "s12", "s11", "s17", "s16", "s15", "s14"], "cnvs": []}, "3": {"ssms": ["s24", "s35", "s27", "s22", "s20"], "cnvs": []}, "4": {"ssms": ["s36", "s34", "s37", "s31", "s39", "s33", "s30"], "cnvs": []}, "5": {"ssms": ["s38", "s32"], "cnvs": []}, "6": {"ssms": ["s21", "s26", "s23", "s29"], "cnvs": []}, "7": {"ssms": ["s28"], "cnvs": []}}}