{"dataset_name": "data_emptysim.4.300.100.ssm", "mut_assignments": {"1": {"ssms": ["s179", "s170", "s172", "s174", "s177", "s57", "s56", "s55", "s54", "s53", "s52", "s51", "s50", "s59", "s58", "s183", "s189", "s108", "s106", "s44", "s45", "s46", "s47", "s40", "s41", "s42", "s43", "s131", "s48", "s49", "s130", "s137", "s117", "s116", "s115", "s79", "s78", "s190", "s71", "s70", "s73", "s72", "s75", "s74", "s77", "s76", "s19", "s18", "s13", "s12", "s11", "s10", "s17", "s16", "s15", "s14", "s93", "s92", "s91", "s90", "s97", "s96", "s95", "s94", "s99", "s98", "s121", "s124", "s68", "s69", "s66", "s67", "s64", "s65", "s62", "s63", "s60", "s61", "s80", "s81", "s82", "s83", "s84", "s85", "s86", "s87", "s88", "s89", "s39", "s38", "s194", "s35", "s34", "s37", "s36", "s31", "s30", "s33", "s32", "s141", "s143", "s149", "s152", "s151", "s9", "s8", "s3", "s2", "s1", "s0", "s7", "s6", "s5", "s4", "s166", "s164", "s22", "s23", "s20", "s21", "s26", "s27", "s24", "s25", "s28", "s29"], "cnvs": []}, "2": {"ssms": ["s178", "s169", "s167", "s171", "s185", "s161", "s197", "s125", "s186", "s199", "s139", "s135", "s134", "s105", "s101", "s102", "s103", "s144", "s145", "s147", "s181", "s119", "s175", "s114", "s113", "s188", "s110", "s187", "s193", "s191", "s150", "s156", "s155", "s159", "s180"], "cnvs": []}, "3": {"ssms": ["s255", "s256", "s275", "s288", "s222", "s200", "s232", "s282", "s248", "s207", "s252", "s204", "s212", "s202", "s245", "s247", "s258", "s260", "s264"], "cnvs": []}, "4": {"ssms": ["s272", "s210", "s261", "s168", "s273", "s128", "s173", "s163", "s154", "s122", "s123", "s176", "s216", "s126", "s127", "s211", "s263", "s196", "s291", "s209", "s208", "s298", "s215", "s225", "s279", "s254", "s148", "s238", "s233", "s138", "s165", "s231", "s109", "s136", "s104", "s244", "s107", "s100", "s293", "s266", "s198", "s140", "s142", "s239", "s133", "s129", "s132", "s287", "s286", "s285", "s184", "s229", "s228", "s118", "s160", "s251", "s265", "s112", "s111", "s146", "s292", "s195", "s162", "s153", "s192", "s157", "s120", "s158", "s277", "s182", "s257", "s278", "s214", "s217", "s295", "s294"], "cnvs": []}, "5": {"ssms": ["s223", "s235", "s297", "s205", "s269", "s299", "s250", "s230"], "cnvs": []}, "6": {"ssms": ["s226", "s274", "s221", "s271", "s296", "s220", "s270", "s289", "s224", "s203", "s213", "s290", "s218", "s219", "s280", "s227", "s259", "s237", "s249", "s243", "s242", "s241", "s234", "s246", "s283", "s240", "s284", "s262", "s276", "s253", "s267", "s281", "s268", "s201", "s236", "s206"], "cnvs": []}}}