{"dataset_name": "nb_results2_emptysim.5.300.200.ssm", "mut_assignments": {"1": {"ssms": ["s135", "s134", "s137", "s136", "s131", "s130", "s57", "s56", "s55", "s54", "s53", "s52", "s51", "s50", "s59", "s58", "s119", "s118", "s117", "s116", "s115", "s114", "s113", "s112", "s111", "s110", "s26", "s133", "s24", "s25", "s28", "s29", "s132", "s179", "s178", "s171", "s170", "s173", "s172", "s175", "s174", "s177", "s176", "s142", "s139", "s66", "s138", "s108", "s109", "s104", "s105", "s106", "s107", "s100", "s101", "s102", "s103", "s153", "s152", "s151", "s150", "s157", "s156", "s155", "s154", "s159", "s158", "s9", "s8", "s196", "s195", "s194", "s193", "s3", "s2", "s1", "s0", "s7", "s6", "s5", "s4", "s12", "s11", "s10", "s17", "s16", "s15", "s14", "s68", "s69", "s19", "s67", "s64", "s65", "s62", "s63", "s60", "s61", "s82", "s85", "s87", "s88", "s89", "s81", "s140", "s141", "s44", "s45", "s46", "s47", "s40", "s41", "s42", "s43", "s84", "s48", "s49", "s86", "s198", "s128", "s129", "s122", "s123", "s120", "s121", "s126", "s127", "s124", "s125", "s39", "s38", "s35", "s34", "s37", "s36", "s31", "s30", "s33", "s32", "s143", "s144", "s145", "s146", "s147", "s22", "s23", "s148", "s149", "s168", "s169", "s166", "s167", "s164", "s165", "s162", "s163", "s160", "s161", "s197", "s20", "s21", "s80", "s192", "s191", "s190", "s199", "s184", "s185", "s186", "s187", "s180", "s181", "s182", "s183", "s83", "s188", "s189", "s18", "s13", "s79", "s78", "s71", "s70", "s73", "s72", "s75", "s74", "s77", "s76", "s93", "s92", "s91", "s90", "s97", "s96", "s95", "s94", "s99", "s98", "s27"], "cnvs": []}, "2": {"ssms": ["s327", "s207", "s206", "s205", "s204", "s203", "s202", "s201", "s200", "s209", "s208", "s370", "s261", "s260", "s263", "s262", "s265", "s264", "s267", "s266", "s348", "s349", "s342", "s343", "s340", "s341", "s346", "s347", "s344", "s345", "s379", "s214", "s215", "s216", "s217", "s210", "s211", "s212", "s213", "s235", "s218", "s219", "s374", "s256", "s373", "s372", "s249", "s248", "s378", "s377", "s376", "s375", "s243", "s242", "s241", "s240", "s247", "s246", "s245", "s244", "s308", "s309", "s306", "s307", "s304", "s305", "s302", "s303", "s300", "s301", "s391", "s390", "s395", "s394", "s397", "s396", "s333", "s332", "s258", "s259", "s393", "s392", "s330", "s250", "s251", "s252", "s253", "s254", "s255", "s399", "s398", "s269", "s289", "s288", "s287", "s286", "s285", "s284", "s283", "s282", "s281", "s280", "s335", "s339", "s338", "s232", "s233", "s230", "s231", "s236", "s237", "s234", "s238", "s239", "s331", "s336", "s386", "s387", "s384", "s385", "s382", "s334", "s380", "s381", "s388", "s389", "s355", "s354", "s357", "s356", "s351", "s350", "s353", "s352", "s359", "s358", "s298", "s299", "s294", "s295", "s296", "s297", "s290", "s291", "s292", "s293", "s276", "s277", "s274", "s275", "s272", "s273", "s270", "s271", "s278", "s279", "s319", "s318", "s311", "s310", "s313", "s312", "s315", "s314", "s317", "s316", "s368", "s369", "s364", "s365", "s366", "s367", "s360", "s361", "s362", "s363", "s337", "s371", "s383", "s229", "s228", "s225", "s224", "s227", "s226", "s221", "s220", "s222", "s268", "s328", "s329", "s320", "s321", "s322", "s323", "s324", "s325", "s326"], "cnvs": []}, "3": {"ssms": ["s476", "s486", "s498", "s439", "s497", "s423", "s422", "s554", "s450", "s456", "s457", "s458", "s512", "s560", "s515", "s514", "s406", "s467", "s466", "s532", "s591", "s590", "s537", "s400", "s460", "s509", "s501", "s475", "s555", "s504", "s505", "s469", "s433", "s550", "s492", "s257", "s522", "s570", "s416", "s544", "s414", "s415", "s412", "s449", "s471", "s542", "s447", "s446", "s434", "s583", "s442", "s622", "s430", "s562", "s452", "s519", "s478", "s534", "s564", "s565", "s545", "s491", "s558", "s536", "s443", "s540", "s403", "s489", "s511", "s510", "s480", "s483"], "cnvs": []}, "4": {"ssms": ["s611", "s643", "s678", "s645", "s691", "s796", "s723", "s621", "s767"], "cnvs": []}, "5": {"ssms": ["s690", "s719", "s781", "s760", "s711", "s607", "s751", "s785", "s743", "s754", "s644", "s756", "s706", "s624", "s655", "s667", "s633", "s638", "s704", "s695", "s783"], "cnvs": []}, "6": {"ssms": ["s484", "s487", "s588", "s465", "s464", "s463", "s461", "s500", "s502", "s503", "s468", "s559", "s705", "s417", "s413", "s410", "s411", "s418", "s419", "s563", "s566", "s567", "s453", "s482", "s557", "s556", "s429", "s428", "s421", "s420", "s427", "s426", "s425", "s424", "s593", "s508", "s597", "s596", "s595", "s561", "s599", "s598", "s553", "s552", "s526", "s527", "s524", "s525", "s506", "s569", "s448", "s445", "s444", "s441", "s440", "s777", "s775", "s579", "s518", "s592", "s568", "s580", "s581", "s582", "s584", "s585", "s586", "s587", "s594", "s589", "s496", "s494", "s495", "s493", "s490", "s451", "s454", "s455", "s513", "s459", "s517", "s516", "s401", "s402", "s405", "s404", "s407", "s409", "s408", "s507", "s529", "s474", "s477", "s470", "s472", "s473", "s575", "s574", "s577", "s576", "s479", "s573", "s572", "s541", "s548", "s549", "s673", "s531", "s530", "s533", "s535", "s539", "s538", "s578", "s438", "s431", "s432", "s435", "s436", "s437", "s523", "s520", "s571", "s521", "s546", "s547", "s543", "s223", "s528", "s488", "s481"], "cnvs": []}, "7": {"ssms": ["s789", "s485", "s647", "s646", "s641", "s640", "s765", "s639", "s636", "s637", "s634", "s635", "s632", "s630", "s631", "s462", "s748", "s708", "s709", "s642", "s702", "s703", "s700", "s701", "s648", "s707", "s749", "s713", "s722", "s718", "s603", "s602", "s601", "s600", "s606", "s605", "s799", "s798", "s795", "s794", "s797", "s791", "s790", "s793", "s792", "s712", "s768", "s769", "s742", "s738", "s737", "s736", "s735", "s734", "s733", "s732", "s731", "s730", "s665", "s664", "s666", "s661", "s660", "s663", "s662", "s746", "s747", "s744", "s745", "s669", "s668", "s740", "s741", "s739", "s787", "s784", "s758", "s698", "s699", "s551", "s692", "s693", "s694", "s696", "s697", "s788", "s773", "s772", "s771", "s776", "s774", "s779", "s778", "s670", "s671", "s676", "s677", "s629", "s628", "s620", "s623", "s625", "s627", "s626", "s750", "s715", "s714", "s717", "s716", "s710", "s499", "s649", "s658", "s659", "s654", "s656", "s657", "s650", "s651", "s652", "s653", "s782", "s786", "s759", "s770", "s610", "s612", "s613", "s614", "s615", "s616", "s617", "s618", "s619", "s753", "s752", "s755", "s757", "s609", "s674", "s679", "s672", "s728", "s729", "s724", "s725", "s726", "s727", "s720", "s721", "s689", "s688", "s683", "s682", "s681", "s680", "s687", "s686", "s685", "s684", "s675", "s780", "s604", "s761", "s608", "s762", "s763", "s764", "s766"], "cnvs": []}}}