{"dataset_name": "data_emptysim.5.200.100.ssm", "mut_assignments": {"1": {"ssms": ["s57", "s56", "s55", "s54", "s53", "s52", "s51", "s50", "s59", "s58", "s9", "s8", "s3", "s2", "s1", "s0", "s7", "s6", "s5", "s4", "s81", "s44", "s45", "s46", "s47", "s40", "s41", "s42", "s43", "s84", "s48", "s49", "s86", "s39", "s38", "s35", "s34", "s37", "s36", "s31", "s30", "s33", "s32", "s80", "s83", "s79", "s78", "s71", "s70", "s73", "s72", "s75", "s74", "s77", "s76", "s93", "s92", "s91", "s90", "s97", "s96", "s95", "s94", "s99", "s98", "s137", "s22", "s23", "s20", "s21", "s26", "s27", "s24", "s25", "s28", "s29", "s107", "s198", "s19", "s18", "s13", "s12", "s11", "s10", "s17", "s16", "s15", "s14", "s68", "s69", "s66", "s67", "s64", "s65", "s62", "s63", "s60", "s61", "s82", "s85", "s87", "s88", "s89"], "cnvs": []}, "2": {"ssms": ["s119", "s118", "s117", "s116", "s115", "s114", "s113", "s112", "s111", "s110", "s247", "s153", "s152", "s151", "s150", "s157", "s156", "s155", "s154", "s159", "s158", "s231", "s128", "s129", "s122", "s123", "s120", "s121", "s126", "s127", "s124", "s125", "s168", "s169", "s166", "s167", "s164", "s165", "s162", "s163", "s160", "s161", "s184", "s185", "s186", "s187", "s180", "s181", "s182", "s183", "s188", "s189", "s135", "s134", "s131", "s130", "s133", "s132", "s139", "s138", "s214", "s179", "s178", "s171", "s170", "s173", "s172", "s175", "s174", "s177", "s176", "s108", "s109", "s104", "s105", "s106", "s100", "s101", "s102", "s103", "s196", "s195", "s194", "s193", "s192", "s191", "s190", "s199", "s140", "s141", "s142", "s143", "s144", "s145", "s146", "s147", "s148", "s149"], "cnvs": []}, "3": {"ssms": ["s207", "s206", "s205", "s204", "s202", "s201", "s200", "s209", "s208", "s249", "s242", "s241", "s240", "s245", "s244", "s391", "s289", "s288", "s287", "s285", "s284", "s283", "s282", "s281", "s280", "s232", "s233", "s230", "s236", "s237", "s234", "s238", "s239", "s276", "s277", "s274", "s275", "s272", "s273", "s270", "s271", "s278", "s279", "s229", "s228", "s225", "s224", "s226", "s220", "s223", "s222", "s325", "s136", "s261", "s260", "s263", "s262", "s265", "s264", "s267", "s266", "s269", "s268", "s215", "s216", "s217", "s210", "s211", "s212", "s213", "s235", "s218", "s219", "s377", "s372", "s197", "s258", "s259", "s250", "s251", "s252", "s253", "s254", "s255", "s256", "s257", "s381", "s298", "s299", "s294", "s295", "s296", "s297", "s290", "s291", "s292", "s293"], "cnvs": []}, "4": {"ssms": ["s203", "s342", "s343", "s340", "s341", "s346", "s347", "s344", "s345", "s248", "s243", "s246", "s308", "s309", "s307", "s304", "s305", "s302", "s303", "s300", "s301", "s390", "s395", "s394", "s396", "s393", "s392", "s398", "s286", "s331", "s336", "s354", "s357", "s356", "s351", "s350", "s353", "s352", "s359", "s358", "s319", "s318", "s311", "s310", "s313", "s312", "s314", "s317", "s316", "s368", "s369", "s365", "s366", "s367", "s360", "s361", "s363", "s227", "s221", "s328", "s329", "s320", "s321", "s322", "s323", "s324", "s327", "s379", "s375", "s374", "s373", "s371", "s370", "s333", "s332", "s337", "s335", "s339", "s338", "s386", "s387", "s384", "s382", "s383", "s380", "s388", "s389", "s348", "s385", "s330"], "cnvs": []}, "5": {"ssms": ["s315", "s378", "s376", "s306", "s334", "s355", "s397", "s326", "s399", "s364", "s349", "s362"], "cnvs": []}}}