{"dataset_name": "data_emptysim.5.200.25.ssm", "mut_assignments": {"1": {"ssms": ["s19", "s18", "s13", "s12", "s11", "s10", "s17", "s16", "s15", "s14", "s35", "s9", "s8", "s3", "s2", "s1", "s0", "s7", "s6", "s5", "s4", "s22", "s23", "s20", "s21", "s24"], "cnvs": []}, "2": {"ssms": ["s44", "s45", "s46", "s47", "s40", "s41", "s42", "s43", "s48", "s39", "s38", "s34", "s37", "s36", "s31", "s30", "s33", "s32", "s26", "s27", "s25", "s28", "s29"], "cnvs": []}, "3": {"ssms": ["s57", "s56", "s55", "s54", "s52", "s50", "s59", "s58", "s49", "s71", "s70", "s73", "s72", "s74", "s94", "s68", "s69", "s66", "s67", "s64", "s65", "s62", "s63", "s60", "s61", "s80"], "cnvs": []}, "4": {"ssms": ["s88", "s81"], "cnvs": []}, "5": {"ssms": ["s87"], "cnvs": []}, "6": {"ssms": ["s90"], "cnvs": []}, "7": {"ssms": ["s75"], "cnvs": []}, "8": {"ssms": ["s98"], "cnvs": []}, "9": {"ssms": ["s79", "s53", "s51", "s92"], "cnvs": []}, "10": {"ssms": ["s84", "s85", "s86", "s89", "s93", "s91", "s96", "s95", "s99", "s78", "s76"], "cnvs": []}, "11": {"ssms": ["s97", "s82"], "cnvs": []}, "12": {"ssms": ["s83"], "cnvs": []}, "13": {"ssms": ["s77"], "cnvs": []}}}