{"dataset_name": "nb_results2_emptysim.3.200.25.ssm", "mut_assignments": {"1": {"ssms": ["s9", "s8", "s3", "s2", "s1", "s0", "s7", "s6", "s5", "s4", "s19", "s18", "s13", "s12", "s11", "s10", "s17", "s16", "s15", "s14", "s22", "s23", "s20", "s21", "s24"], "cnvs": []}, "2": {"ssms": ["s44", "s47"], "cnvs": []}, "3": {"ssms": ["s43", "s46", "s45", "s35", "s34", "s40", "s37", "s31", "s39", "s38", "s41", "s33", "s32", "s30", "s42", "s26", "s27", "s25", "s28", "s29", "s48", "s49", "s36"], "cnvs": []}}}