{"dataset_name": "nb_results2_emptysim.5.200.10.ssm", "mut_assignments": {"1": {"ssms": ["s9", "s8", "s3", "s2", "s1", "s0", "s7", "s6", "s5", "s4", "s13", "s10"], "cnvs": []}, "2": {"ssms": ["s21", "s26", "s27", "s24", "s25", "s29", "s19", "s18", "s12", "s11", "s17", "s16", "s15", "s14", "s22"], "cnvs": []}, "3": {"ssms": ["s23"], "cnvs": []}, "4": {"ssms": ["s28", "s34", "s37", "s31", "s39", "s33", "s32", "s30"], "cnvs": []}, "5": {"ssms": ["s38", "s20", "s36"], "cnvs": []}, "6": {"ssms": ["s35"], "cnvs": []}}}