{"dataset_name": "nb_results2_emptysim.5.200.10.ssm", "mut_assignments": {"1": {"ssms": ["s9", "s8", "s3", "s2", "s1", "s0", "s7", "s6", "s5", "s4"], "cnvs": []}, "2": {"ssms": ["s19", "s18", "s13", "s12", "s11", "s10", "s17", "s16", "s14"], "cnvs": []}, "3": {"ssms": ["s34", "s37", "s31", "s38", "s33", "s32", "s23"], "cnvs": []}, "4": {"ssms": ["s26", "s27", "s24", "s25", "s28", "s20"], "cnvs": []}, "5": {"ssms": ["s15", "s21", "s22", "s29", "s36"], "cnvs": []}, "6": {"ssms": ["s35"], "cnvs": []}, "7": {"ssms": ["s39", "s30"], "cnvs": []}}}