{"dataset_name": "nb_results2_emptysim.5.200.10.ssm", "mut_assignments": {"1": {"ssms": ["s9", "s8", "s3", "s2", "s1", "s0", "s7", "s6", "s5", "s4", "s10"], "cnvs": []}, "2": {"ssms": ["s27", "s25", "s19", "s18", "s13", "s12", "s11", "s17", "s16", "s15", "s14", "s20"], "cnvs": []}, "3": {"ssms": ["s21", "s26", "s24", "s22", "s28"], "cnvs": []}, "4": {"ssms": ["s34"], "cnvs": []}, "5": {"ssms": ["s29", "s36", "s35", "s38", "s30", "s23"], "cnvs": []}, "6": {"ssms": ["s39"], "cnvs": []}, "7": {"ssms": ["s32", "s37"], "cnvs": []}, "8": {"ssms": ["s33", "s31"], "cnvs": []}}}