{"dataset_name": "nb_results2_emptysim.5.200.10.ssm", "mut_assignments": {"1": {"ssms": ["s9", "s8", "s3", "s2", "s1", "s0", "s7", "s6", "s5", "s4", "s10"], "cnvs": []}, "2": {"ssms": ["s19", "s18", "s13", "s12", "s11", "s17", "s16", "s14"], "cnvs": []}, "3": {"ssms": ["s15", "s25", "s22"], "cnvs": []}, "4": {"ssms": ["s30"], "cnvs": []}, "5": {"ssms": ["s21", "s26", "s27", "s24", "s28", "s29", "s36", "s35", "s23", "s20"], "cnvs": []}, "6": {"ssms": ["s34"], "cnvs": []}, "7": {"ssms": ["s39", "s38", "s33", "s32", "s37"], "cnvs": []}, "8": {"ssms": ["s31"], "cnvs": []}}}