{"dataset_name": "data_emptysim.3.200.25.ssm", "mut_assignments": {"1": {"ssms": ["s9", "s8", "s3", "s2", "s1", "s0", "s7", "s6", "s5", "s4", "s19", "s18", "s13", "s12", "s11", "s10", "s17", "s16", "s15", "s14", "s22", "s23", "s20", "s21", "s24"], "cnvs": []}, "2": {"ssms": ["s43", "s46", "s44", "s45", "s41", "s25", "s29", "s47", "s36", "s37", "s31", "s38"], "cnvs": []}, "3": {"ssms": ["s39"], "cnvs": []}, "4": {"ssms": ["s33", "s32", "s42", "s49", "s26", "s27", "s28", "s35", "s48", "s34", "s40"], "cnvs": []}, "5": {"ssms": ["s30"], "cnvs": []}}}