{"dataset_name": "data_emptysim.3.200.25.ssm", "mut_assignments": {"1": {"ssms": ["s9", "s8", "s3", "s2", "s1", "s0", "s7", "s6", "s5", "s4", "s19", "s18", "s13", "s12", "s11", "s10", "s17", "s16", "s15", "s14", "s22", "s23", "s20", "s21", "s24"], "cnvs": []}, "2": {"ssms": ["s46", "s44", "s45", "s27", "s25", "s48", "s49"], "cnvs": []}, "3": {"ssms": ["s43", "s41", "s42", "s36", "s33", "s40", "s31", "s39", "s38"], "cnvs": []}, "4": {"ssms": ["s26", "s28", "s35", "s47", "s34", "s37", "s29"], "cnvs": []}, "5": {"ssms": ["s30"], "cnvs": []}, "6": {"ssms": ["s32"], "cnvs": []}}}