{"dataset_name": "data_emptysim.4.200.100.ssm", "mut_assignments": {"1": {"ssms": ["s57", "s56", "s55", "s54", "s53", "s52", "s51", "s50", "s59", "s58", "s44", "s45", "s46", "s47", "s40", "s41", "s42", "s43", "s48", "s49", "s79", "s78", "s71", "s70", "s73", "s72", "s75", "s74", "s77", "s76", "s19", "s18", "s13", "s12", "s11", "s10", "s17", "s16", "s15", "s14", "s93", "s92", "s91", "s90", "s97", "s96", "s95", "s94", "s99", "s98", "s68", "s69", "s66", "s67", "s64", "s65", "s62", "s63", "s60", "s61", "s80", "s81", "s82", "s83", "s84", "s85", "s86", "s87", "s88", "s89", "s39", "s38", "s35", "s34", "s37", "s36", "s31", "s30", "s33", "s32", "s9", "s8", "s3", "s2", "s1", "s0", "s7", "s6", "s5", "s4", "s22", "s23", "s20", "s21", "s26", "s27", "s24", "s25", "s28", "s29"], "cnvs": []}, "2": {"ssms": ["s179", "s178", "s171", "s170", "s173", "s172", "s175", "s174", "s177", "s176", "s197", "s183", "s189", "s200", "s135", "s108", "s109", "s134", "s104", "s105", "s106", "s107", "s100", "s101", "s102", "s103", "s131", "s198", "s130", "s133", "s137", "s132", "s184", "s119", "s118", "s117", "s116", "s115", "s114", "s113", "s112", "s111", "s110", "s195", "s187", "s193", "s192", "s191", "s190", "s182", "s128", "s129", "s185", "s122", "s123", "s120", "s121", "s126", "s127", "s124", "s125", "s186", "s139", "s138", "s136", "s180", "s194", "s140", "s141", "s142", "s143", "s144", "s145", "s146", "s147", "s149", "s181", "s188", "s153", "s152", "s151", "s150", "s157", "s156", "s155", "s154", "s159", "s158", "s168", "s169", "s166", "s167", "s164", "s165", "s162", "s163", "s160", "s161", "s199"], "cnvs": []}, "3": {"ssms": ["s226", "s270", "s221", "s271", "s220", "s299", "s274", "s223", "s273", "s260", "s289", "s224", "s243", "s213", "s215", "s207", "s217", "s204", "s203", "s202", "s201", "s196", "s291", "s209", "s208", "s298", "s211", "s225", "s256", "s219", "s279", "s238", "s272", "s248", "s259", "s237", "s230", "s231", "s242", "s234", "s246", "s245", "s244", "s292", "s247", "s212", "s240", "s239", "s218", "s286", "s285", "s278", "s284", "s229", "s228", "s282", "s263", "s250", "s251", "s257", "s252", "s264", "s276", "s253", "s267", "s254", "s266", "s280", "s255", "s297", "s148", "s269", "s268", "s275", "s206", "s295", "s294", "s261", "s290"], "cnvs": []}, "4": {"ssms": ["s210", "s296", "s287", "s249", "s288", "s222", "s277", "s281", "s293", "s232", "s214", "s265", "s216", "s205", "s258", "s235", "s262", "s236", "s233", "s283", "s227", "s241"], "cnvs": []}}}