{"dataset_name": "nb_results2_emptysim.6.200.200.ssm", "mut_assignments": {"1": {"ssms": ["s57", "s56", "s55", "s54", "s53", "s52", "s51", "s50", "s59", "s58", "s184", "s185", "s186", "s187", "s180", "s181", "s182", "s183", "s83", "s188", "s189", "s144", "s119", "s118", "s117", "s116", "s115", "s114", "s113", "s112", "s111", "s110", "s79", "s78", "s71", "s70", "s73", "s72", "s75", "s74", "s77", "s76", "s93", "s92", "s91", "s90", "s97", "s96", "s95", "s94", "s99", "s98", "s320", "s135", "s134", "s137", "s136", "s131", "s130", "s133", "s132", "s64", "s139", "s138", "s65", "s62", "s63", "s60", "s61", "s260", "s153", "s152", "s151", "s150", "s157", "s156", "s155", "s154", "s159", "s158", "s9", "s8", "s3", "s2", "s1", "s0", "s6", "s5", "s4", "s22", "s23", "s20", "s21", "s26", "s27", "s24", "s25", "s994", "s29", "s179", "s178", "s870", "s170", "s173", "s172", "s175", "s174", "s177", "s176", "s108", "s109", "s104", "s105", "s106", "s107", "s100", "s101", "s102", "s103", "s81", "s44", "s45", "s46", "s47", "s40", "s41", "s42", "s43", "s196", "s84", "s48", "s49", "s197", "s191", "s190", "s86", "s199", "s198", "s19", "s18", "s195", "s28", "s12", "s11", "s10", "s194", "s16", "s15", "s14", "s193", "s192", "s141", "s145", "s253", "s142", "s143", "s68", "s69", "s66", "s128", "s129", "s122", "s123", "s120", "s121", "s126", "s127", "s124", "s125", "s82", "s85", "s87", "s88", "s89", "s147", "s148", "s39", "s38", "s35", "s34", "s37", "s36", "s31", "s146", "s33", "s32", "s149", "s171", "s13", "s17", "s299", "s294", "s168", "s169", "s166", "s167", "s164", "s165", "s162", "s163", "s160", "s161", "s67", "s80"], "cnvs": []}, "2": {"ssms": ["s371", "s207", "s206", "s205", "s204", "s203", "s202", "s201", "s200", "s209", "s208", "s535", "s534", "s538", "s293", "s348", "s349", "s342", "s343", "s340", "s341", "s346", "s347", "s344", "s345", "s523", "s520", "s370", "s229", "s228", "s225", "s224", "s227", "s226", "s221", "s220", "s222", "s418", "s328", "s329", "s321", "s322", "s323", "s562", "s563", "s249", "s248", "s326", "s565", "s243", "s242", "s241", "s240", "s247", "s246", "s245", "s308", "s309", "s306", "s307", "s304", "s305", "s302", "s303", "s300", "s301", "s261", "s263", "s262", "s265", "s264", "s267", "s266", "s269", "s268", "s325", "s464", "s391", "s390", "s501", "s395", "s394", "s397", "s396", "s7", "s214", "s215", "s593", "s217", "s210", "s432", "s212", "s213", "s235", "s218", "s599", "s393", "s392", "s457", "s216", "s399", "s398", "s211", "s480", "s379", "s378", "s377", "s376", "s375", "s374", "s289", "s288", "s287", "s286", "s285", "s284", "s283", "s282", "s281", "s280", "s448", "s445", "s219", "s443", "s327", "s232", "s233", "s230", "s231", "s237", "s234", "s238", "s239", "s331", "s427", "s336", "s334", "s355", "s354", "s357", "s356", "s351", "s350", "s353", "s352", "s359", "s358", "s258", "s259", "s499", "s250", "s251", "s252", "s255", "s256", "s257", "s333", "s332", "s330", "s337", "s403", "s335", "s339", "s338", "s507", "s140", "s30", "s276", "s274", "s275", "s272", "s273", "s270", "s271", "s387", "s384", "s385", "s278", "s279", "s474", "s381", "s388", "s389", "s582", "s577", "s518", "s588", "s589", "s386", "s319", "s318", "s311", "s310", "s313", "s312", "s315", "s314", "s317", "s316", "s298", "s295", "s296", "s297", "s290", "s291", "s292", "s382", "s383", "s380", "s368", "s369", "s364", "s365", "s366", "s367", "s360", "s361", "s362", "s363", "s373", "s372"], "cnvs": []}, "3": {"ssms": ["s769", "s675", "s558", "s776", "s774", "s645", "s730", "s640", "s742", "s639", "s636", "s674", "s635", "s632", "s758", "s435", "s667", "s666", "s787", "s663", "s746", "s576", "s709", "s668", "s702", "s700", "s917", "s626", "s669", "s618", "s755", "s715", "s714", "s710", "s799", "s792", "s656", "s657", "s606", "s651", "s750", "s852", "s608", "s712", "s720", "s763", "s723"], "cnvs": []}, "4": {"ssms": ["s687", "s789", "s685", "s684", "s686", "s864", "s531", "s638", "s637", "s634", "s643", "s748", "s920", "s708", "s703", "s701", "s916", "s707", "s704", "s705", "s749", "s713", "s761", "s760", "s722", "s719", "s718", "s413", "s798", "s795", "s794", "s796", "s791", "s790", "s793", "s731", "s831", "s678", "s489", "s764", "s487", "s647", "s644", "s557", "s641", "s961", "s743", "s992", "s812", "s813", "s665", "s664", "s661", "s660", "s662", "s747", "s740", "s759", "s504", "s559", "s698", "s699", "s690", "s691", "s692", "s601", "s694", "s695", "s696", "s697", "s604", "s751", "s738", "s736", "s735", "s734", "s733", "s600", "s902", "s649", "s611", "s936", "s782", "s783", "s786", "s784", "s785", "s629", "s628", "s621", "s620", "s623", "s624", "s627", "s603", "s717", "s716", "s711", "s602", "s913", "s493", "s658", "s857", "s655", "s855", "s650", "s653", "s773", "s771", "s622", "s777", "s779", "s820", "s671", "s676", "s677", "s943", "s470", "s949", "s889", "s809", "s781", "s610", "s613", "s614", "s615", "s617", "s619", "s753", "s752", "s756", "s788", "s679", "s673", "s724", "s725", "s727", "s721", "s689", "s688", "s683", "s682", "s681", "s680"], "cnvs": []}, "5": {"ssms": ["s964", "s970", "s966", "s868", "s861", "s821", "s938", "s732", "s828", "s851", "s765", "s888", "s900", "s630", "s998", "s956", "s955", "s948", "s915", "s804", "s922", "s908", "s926", "s947", "s648", "s930", "s829", "s988", "s898", "s893", "s607", "s853", "s833", "s933", "s872", "s766", "s932"], "cnvs": []}, "6": {"ssms": ["s892", "s973", "s968", "s814", "s924", "s989", "s952", "s895", "s880", "s976", "s963", "s974", "s839", "s975", "s837", "s903", "s984", "s835", "s935", "s877", "s904", "s993", "s910", "s842", "s811", "s832", "s954"], "cnvs": []}, "7": {"ssms": ["s580", "s581", "s528", "s552", "s530", "s533", "s532", "s537", "s536", "s539", "s578", "s438", "s439", "s633", "s631", "s431", "s433", "s434", "s436", "s437", "s587", "s571", "s521", "s570", "s544", "s545", "s546", "s547", "s542", "s543", "s416", "s417", "s414", "s415", "s412", "s410", "s411", "s419", "s797", "s324", "s488", "s566", "s567", "s564", "s767", "s481", "s483", "s485", "s484", "s244", "s486", "s556", "s450", "s469", "s550", "s744", "s745", "s467", "s466", "s465", "s463", "s462", "s461", "s460", "s500", "s502", "s503", "s505", "s430", "s468", "s508", "s591", "s590", "s597", "s596", "s595", "s509", "s598", "s586", "s429", "s605", "s609", "s583", "s526", "s527", "s524", "s525", "s522", "s506", "s482", "s739", "s449", "s444", "s447", "s446", "s441", "s440", "s442", "s560", "s236", "s428", "s423", "s422", "s421", "s420", "s426", "s425", "s424", "s592", "s561", "s594", "s555", "s554", "s553", "s498", "s551", "s496", "s497", "s494", "s495", "s492", "s254", "s490", "s491", "s654", "s569", "s401", "s400", "s402", "s405", "s404", "s407", "s406", "s409", "s408", "s579", "s772", "s529", "s775", "s778", "s519", "s277", "s475", "s476", "s477", "s471", "s472", "s473", "s575", "s574", "s510", "s584", "s478", "s479", "s573", "s572", "s223", "s770", "s540", "s541", "s612", "s452", "s453", "s585", "s451", "s456", "s757", "s454", "s455", "s513", "s512", "s458", "s459", "s517", "s516", "s515", "s514", "s548", "s549", "s729", "s568", "s511"], "cnvs": []}, "8": {"ssms": ["s912", "s768", "s841", "s840", "s827", "s826", "s863", "s887", "s737", "s981", "s866", "s882", "s960", "s670", "s901", "s967", "s909", "s819", "s642", "s741", "s979", "s706", "s805", "s911", "s918", "s625", "s846", "s927", "s971", "s616", "s939", "s972", "s646", "s891", "s693", "s894", "s934", "s754", "s878", "s728", "s875", "s762", "s906"], "cnvs": []}, "9": {"ssms": ["s881", "s800", "s921", "s850", "s869", "s862", "s860", "s867", "s865", "s986", "s987", "s945", "s983", "s914", "s919", "s999", "s928", "s929", "s659", "s834", "s836", "s830", "s937", "s838", "s810", "s958", "s843", "s845", "s844", "s847", "s849", "s848", "s951", "s950", "s991", "s944", "s982", "s977", "s817", "s969", "s815", "s953", "s818", "s957", "s990", "s959", "s997", "s996", "s995", "s858", "s859", "s879", "s871", "s873", "s874", "s876", "s931", "s885", "s884", "s886", "s883", "s905", "s907", "s923", "s925", "s978", "s856", "s854", "s652", "s823", "s946", "s985", "s825", "s824", "s962", "s965", "s980", "s808", "s807", "s806", "s801", "s780", "s803", "s802", "s940", "s941", "s942", "s816", "s899", "s890", "s896", "s897", "s822", "s672", "s726"], "cnvs": []}}}