{"dataset_name": "nb_results2_emptysim.6.200.200.ssm", "mut_assignments": {"1": {"ssms": ["s57", "s56", "s55", "s54", "s53", "s52", "s51", "s50", "s59", "s58", "s184", "s185", "s186", "s187", "s180", "s181", "s182", "s183", "s83", "s188", "s189", "s144", "s119", "s118", "s117", "s116", "s115", "s114", "s113", "s112", "s111", "s110", "s79", "s78", "s71", "s70", "s73", "s72", "s75", "s74", "s77", "s76", "s93", "s92", "s91", "s90", "s97", "s96", "s95", "s99", "s98", "s320", "s135", "s134", "s137", "s136", "s131", "s130", "s133", "s132", "s64", "s139", "s138", "s65", "s62", "s63", "s60", "s61", "s260", "s153", "s152", "s151", "s150", "s157", "s156", "s155", "s154", "s159", "s158", "s9", "s8", "s3", "s2", "s1", "s0", "s7", "s6", "s5", "s4", "s22", "s23", "s20", "s21", "s26", "s27", "s24", "s25", "s994", "s29", "s179", "s178", "s870", "s170", "s173", "s172", "s175", "s174", "s177", "s176", "s108", "s109", "s104", "s105", "s106", "s107", "s100", "s101", "s102", "s103", "s81", "s44", "s45", "s46", "s47", "s40", "s41", "s42", "s43", "s196", "s84", "s48", "s49", "s197", "s191", "s86", "s199", "s198", "s19", "s18", "s195", "s28", "s12", "s11", "s10", "s194", "s16", "s15", "s14", "s193", "s192", "s141", "s145", "s253", "s142", "s143", "s68", "s69", "s66", "s128", "s129", "s122", "s123", "s120", "s121", "s126", "s127", "s124", "s125", "s82", "s85", "s87", "s88", "s89", "s147", "s148", "s39", "s38", "s35", "s34", "s37", "s36", "s31", "s146", "s33", "s32", "s149", "s171", "s13", "s17", "s299", "s294", "s168", "s169", "s166", "s167", "s164", "s165", "s162", "s163", "s160", "s161", "s364", "s67", "s80"], "cnvs": []}, "2": {"ssms": ["s371", "s207", "s206", "s205", "s204", "s203", "s202", "s201", "s200", "s209", "s208", "s535", "s534", "s536", "s538", "s293", "s348", "s349", "s342", "s343", "s340", "s341", "s346", "s344", "s345", "s337", "s588", "s520", "s370", "s546", "s229", "s228", "s225", "s224", "s227", "s226", "s221", "s220", "s222", "s418", "s94", "s328", "s329", "s321", "s322", "s323", "s325", "s563", "s249", "s248", "s567", "s326", "s565", "s243", "s242", "s241", "s240", "s247", "s246", "s245", "s308", "s309", "s306", "s307", "s304", "s305", "s302", "s303", "s300", "s301", "s261", "s263", "s262", "s265", "s264", "s267", "s266", "s269", "s268", "s465", "s391", "s501", "s395", "s394", "s397", "s396", "s469", "s330", "s431", "s214", "s215", "s216", "s217", "s210", "s432", "s212", "s213", "s595", "s218", "s219", "s393", "s392", "s457", "s399", "s436", "s398", "s211", "s379", "s378", "s377", "s376", "s375", "s374", "s289", "s288", "s287", "s286", "s285", "s284", "s283", "s282", "s280", "s448", "s445", "s443", "s327", "s232", "s233", "s230", "s231", "s237", "s234", "s238", "s239", "s331", "s235", "s336", "s190", "s334", "s355", "s354", "s357", "s356", "s351", "s350", "s353", "s352", "s359", "s358", "s258", "s259", "s499", "s250", "s251", "s252", "s254", "s255", "s256", "s257", "s333", "s332", "s401", "s400", "s403", "s335", "s339", "s338", "s507", "s529", "s140", "s30", "s276", "s274", "s275", "s272", "s273", "s270", "s271", "s387", "s384", "s385", "s278", "s279", "s474", "s381", "s388", "s389", "s582", "s577", "s518", "s573", "s572", "s589", "s386", "s319", "s318", "s311", "s310", "s313", "s312", "s315", "s314", "s317", "s316", "s298", "s295", "s296", "s297", "s290", "s291", "s292", "s382", "s452", "s383", "s380", "s368", "s369", "s365", "s366", "s367", "s360", "s361", "s362", "s363", "s373", "s372"], "cnvs": []}, "3": {"ssms": ["s687", "s789", "s686", "s531", "s537", "s638", "s639", "s636", "s637", "s439", "s748", "s708", "s709", "s642", "s702", "s703", "s701", "s706", "s704", "s749", "s713", "s760", "s722", "s719", "s416", "s413", "s799", "s798", "s795", "s797", "s796", "s791", "s790", "s792", "s831", "s833", "s678", "s712", "s763", "s764", "s487", "s486", "s645", "s557", "s640", "s961", "s743", "s765", "s992", "s813", "s665", "s667", "s666", "s661", "s660", "s663", "s662", "s741", "s649", "s504", "s559", "s648", "s699", "s690", "s692", "s601", "s694", "s607", "s696", "s769", "s739", "s887", "s737", "s736", "s734", "s882", "s730", "s903", "s611", "s782", "s786", "s787", "s629", "s621", "s922", "s623", "s624", "s627", "s738", "s715", "s714", "s717", "s716", "s711", "s493", "s658", "s655", "s656", "s852", "s911", "s653", "s606", "s773", "s771", "s622", "s779", "s778", "s821", "s926", "s670", "s671", "s677", "s674", "s943", "s998", "s809", "s804", "s781", "s613", "s616", "s618", "s753", "s891", "s788", "s894", "s679", "s672", "s728", "s729", "s673", "s726", "s727", "s721", "s689", "s688", "s682", "s752", "s680"], "cnvs": []}, "4": {"ssms": ["s685", "s768", "s843", "s558", "s751", "s775", "s774", "s846", "s647", "s646", "s731", "s902", "s641", "s742", "s906", "s907", "s634", "s635", "s759", "s610", "s614", "s476", "s784", "s785", "s746", "s747", "s576", "s776", "s740", "s700", "s889", "s707", "s705", "s628", "s592", "s620", "s625", "s927", "s626", "s949", "s615", "s939", "s718", "s735", "s659", "s756", "s710", "s805", "s698", "s761", "s603", "s600", "s695", "s697", "s657", "s608", "s724", "s725", "s777", "s489", "s720", "s651", "s723", "s681", "s691"], "cnvs": []}, "5": {"ssms": ["s816", "s942", "s973", "s830", "s845", "s860", "s847", "s762", "s955", "s848", "s754", "s971"], "cnvs": []}, "6": {"ssms": ["s793", "s892", "s941", "s857", "s837", "s925", "s938", "s853", "s832", "s820", "s978", "s958", "s965", "s991", "s997", "s683", "s995", "s875", "s967", "s873", "s863"], "cnvs": []}, "7": {"ssms": ["s684", "s675", "s581", "s528", "s552", "s530", "s533", "s532", "s539", "s578", "s438", "s633", "s631", "s433", "s434", "s435", "s586", "s437", "s347", "s643", "s580", "s523", "s571", "s521", "s570", "s544", "s545", "s547", "s542", "s543", "s417", "s414", "s415", "s412", "s410", "s411", "s419", "s794", "s324", "s562", "s488", "s566", "s564", "s767", "s481", "s480", "s483", "s485", "s484", "s244", "s644", "s556", "s460", "s550", "s744", "s745", "s669", "s668", "s467", "s466", "s464", "s463", "s462", "s461", "s390", "s500", "s502", "s503", "s505", "s430", "s468", "s593", "s508", "s591", "s590", "s597", "s596", "s509", "s599", "s598", "s450", "s602", "s429", "s605", "s604", "s609", "s583", "s526", "s527", "s524", "s525", "s522", "s506", "s482", "s281", "s449", "s733", "s444", "s447", "s446", "s441", "s440", "s442", "s750", "s560", "s783", "s236", "s428", "s423", "s422", "s421", "s420", "s427", "s426", "s425", "s424", "s561", "s594", "s555", "s554", "s553", "s498", "s551", "s496", "s497", "s494", "s495", "s492", "s490", "s491", "s654", "s650", "s569", "s402", "s405", "s404", "s407", "s406", "s409", "s408", "s579", "s772", "s519", "s277", "s676", "s475", "s477", "s470", "s471", "s472", "s473", "s575", "s574", "s510", "s584", "s478", "s479", "s587", "s223", "s770", "s540", "s541", "s612", "s453", "s585", "s451", "s456", "s757", "s454", "s455", "s513", "s512", "s458", "s459", "s517", "s516", "s515", "s514", "s548", "s549", "s568", "s511"], "cnvs": []}, "8": {"ssms": ["s881", "s946", "s912", "s931", "s827", "s849", "s867", "s883", "s859", "s864", "s828", "s851", "s944", "s901", "s812", "s987", "s908", "s977", "s968", "s969", "s815", "s664", "s952", "s974", "s982", "s983", "s962", "s917", "s916", "s948", "s839", "s975", "s806", "s801", "s780", "s758", "s980", "s893", "s947", "s959", "s617", "s619", "s976", "s897", "s972", "s866", "s988", "s732", "s693", "s876", "s755", "s807", "s963", "s934", "s937", "s878", "s838", "s932", "s823", "s766", "s829", "s970", "s841", "s880", "s905"], "cnvs": []}, "9": {"ssms": ["s964", "s803", "s800", "s921", "s850", "s840", "s989", "s869", "s868", "s844", "s862", "s861", "s981", "s865", "s940", "s950", "s960", "s858", "s904", "s993", "s888", "s986", "s900", "s632", "s822", "s945", "s811", "s817", "s814", "s953", "s871", "s818", "s819", "s957", "s842", "s920", "s885", "s966", "s979", "s884", "s915", "s914", "s913", "s856", "s918", "s910", "s824", "s825", "s919", "s630", "s999", "s886", "s924", "s899", "s909", "s898", "s928", "s929", "s930", "s990", "s936", "s808", "s896", "s951", "s996", "s984", "s854", "s890", "s834", "s835", "s836", "s855", "s895", "s652", "s935", "s985", "s879", "s810", "s933", "s872", "s874", "s877", "s802", "s826", "s923", "s956", "s954"], "cnvs": []}}}