{"dataset_name": "data_emptysim.6.300.10.ssm", "mut_assignments": {"1": {"ssms": ["s9", "s8", "s3", "s2", "s1", "s0", "s7", "s6", "s5", "s4"], "cnvs": []}, "2": {"ssms": ["s18", "s13", "s12", "s11", "s10", "s17", "s16", "s14"], "cnvs": []}, "3": {"ssms": ["s20", "s26", "s27", "s24", "s25", "s28", "s29", "s19", "s15"], "cnvs": []}, "4": {"ssms": ["s31", "s45"], "cnvs": []}, "5": {"ssms": ["s33", "s32", "s22", "s23", "s21", "s34", "s36", "s37", "s39", "s38"], "cnvs": []}, "6": {"ssms": ["s35"], "cnvs": []}, "7": {"ssms": ["s43", "s46", "s44", "s30", "s42", "s41", "s47", "s40", "s48"], "cnvs": []}, "8": {"ssms": ["s49"], "cnvs": []}}}