{"dataset_name": "data_emptysim.6.300.10.ssm", "mut_assignments": {"1": {"ssms": ["s9", "s8", "s3", "s2", "s1", "s0", "s7", "s6", "s5", "s4"], "cnvs": []}, "2": {"ssms": ["s20", "s19", "s18", "s13", "s11", "s10", "s17", "s16", "s14"], "cnvs": []}, "3": {"ssms": ["s23", "s26", "s27", "s24", "s25", "s28", "s29", "s12", "s15"], "cnvs": []}, "4": {"ssms": ["s36", "s48"], "cnvs": []}, "5": {"ssms": ["s42"], "cnvs": []}, "6": {"ssms": ["s33", "s32", "s30", "s22", "s21", "s35", "s34", "s37", "s31", "s39", "s38"], "cnvs": []}, "7": {"ssms": ["s41", "s46"], "cnvs": []}, "8": {"ssms": ["s43", "s44", "s45", "s47", "s49", "s40"], "cnvs": []}}}