{"dataset_name": "data_emptysim.6.300.10.ssm", "mut_assignments": {"1": {"ssms": ["s9", "s8", "s3", "s2", "s1", "s0", "s7", "s6", "s5", "s4"], "cnvs": []}, "2": {"ssms": ["s20", "s19", "s18", "s13", "s12", "s11", "s10", "s17", "s16", "s15", "s14"], "cnvs": []}, "3": {"ssms": ["s22", "s23", "s21", "s26", "s27", "s24", "s25", "s28", "s29"], "cnvs": []}, "4": {"ssms": ["s40"], "cnvs": []}, "5": {"ssms": ["s43", "s46", "s42", "s45", "s47"], "cnvs": []}, "6": {"ssms": ["s49"], "cnvs": []}, "7": {"ssms": ["s34", "s36", "s32", "s30", "s39"], "cnvs": []}, "8": {"ssms": ["s33", "s37", "s31", "s35", "s38"], "cnvs": []}, "9": {"ssms": ["s44"], "cnvs": []}, "10": {"ssms": ["s41", "s48"], "cnvs": []}}}