{"dataset_name": "data_emptysim.6.300.10.ssm", "mut_assignments": {"1": {"ssms": ["s9", "s8", "s3", "s2", "s1", "s0", "s7", "s6", "s5", "s4"], "cnvs": []}, "2": {"ssms": ["s18", "s13", "s11", "s10", "s17", "s16", "s14"], "cnvs": []}, "3": {"ssms": ["s20", "s26", "s27", "s24", "s25", "s28", "s29", "s19", "s12", "s15"], "cnvs": []}, "4": {"ssms": ["s31"], "cnvs": []}, "5": {"ssms": ["s41"], "cnvs": []}, "6": {"ssms": ["s43", "s49", "s45"], "cnvs": []}, "7": {"ssms": ["s44", "s42", "s47"], "cnvs": []}, "8": {"ssms": ["s33", "s32", "s22", "s23", "s21", "s34", "s37"], "cnvs": []}, "9": {"ssms": ["s46", "s30", "s36", "s35", "s48", "s40", "s39", "s38"], "cnvs": []}}}