{"dataset_name": "data_emptysim.6.300.10.ssm", "mut_assignments": {"1": {"ssms": ["s9", "s8", "s3", "s2", "s1", "s0", "s7", "s6", "s5", "s4"], "cnvs": []}, "2": {"ssms": ["s20", "s28", "s29", "s19", "s18", "s13", "s12", "s11", "s10", "s17", "s16", "s15", "s14"], "cnvs": []}, "3": {"ssms": ["s26", "s32", "s24", "s25", "s27"], "cnvs": []}, "4": {"ssms": ["s21", "s37", "s39", "s38"], "cnvs": []}, "5": {"ssms": ["s44", "s42"], "cnvs": []}, "6": {"ssms": ["s47"], "cnvs": []}, "7": {"ssms": ["s34", "s36", "s31", "s22", "s23"], "cnvs": []}, "8": {"ssms": ["s33", "s30", "s35", "s40"], "cnvs": []}, "9": {"ssms": ["s41", "s43", "s48", "s45", "s46"], "cnvs": []}, "10": {"ssms": ["s49"], "cnvs": []}}}