{"dataset_name": "data_emptysim.6.300.10.ssm", "mut_assignments": {"1": {"ssms": ["s9", "s8", "s3", "s2", "s1", "s0", "s7", "s6", "s5", "s4"], "cnvs": []}, "2": {"ssms": ["s20", "s26", "s19", "s18", "s13", "s12", "s11", "s10", "s17", "s16", "s14"], "cnvs": []}, "3": {"ssms": ["s33", "s32", "s22", "s21", "s36", "s37", "s31", "s39", "s38"], "cnvs": []}, "4": {"ssms": ["s46", "s47", "s48"], "cnvs": []}, "5": {"ssms": ["s23", "s27", "s24", "s25", "s28", "s29", "s15"], "cnvs": []}, "6": {"ssms": ["s34"], "cnvs": []}, "7": {"ssms": ["s41"], "cnvs": []}, "8": {"ssms": ["s43"], "cnvs": []}, "9": {"ssms": ["s44", "s30", "s42", "s45", "s35", "s49", "s40"], "cnvs": []}}}