{"dataset_name": "nb_results2_emptysim.4.300.25.ssm", "mut_assignments": {"1": {"ssms": ["s9", "s8", "s3", "s2", "s1", "s0", "s7", "s6", "s5", "s4", "s19", "s18", "s13", "s12", "s11", "s10", "s17", "s16", "s15", "s14", "s22", "s23", "s20", "s21", "s24"], "cnvs": []}, "2": {"ssms": ["s27", "s43", "s46", "s39", "s38", "s44", "s31", "s48", "s29", "s35", "s47", "s42", "s32", "s26", "s40", "s37"], "cnvs": []}, "3": {"ssms": ["s25", "s28", "s49", "s45", "s41", "s33", "s30", "s34", "s36"], "cnvs": []}, "4": {"ssms": ["s59", "s68", "s66", "s69", "s56", "s64", "s65", "s50"], "cnvs": []}, "5": {"ssms": ["s61", "s60", "s74", "s57", "s52", "s63", "s71", "s73"], "cnvs": []}, "6": {"ssms": ["s54", "s62", "s67", "s70", "s55", "s53", "s58", "s51", "s72"], "cnvs": []}}}