{"dataset_name": "nb_results2_emptysim.3.300.25.ssm", "mut_assignments": {"1": {"ssms": ["s9", "s8", "s3", "s2", "s1", "s0", "s7", "s6", "s5", "s4", "s19", "s18", "s13", "s12", "s11", "s10", "s17", "s16", "s15", "s14", "s22", "s23", "s20", "s21", "s24"], "cnvs": []}, "2": {"ssms": ["s43", "s44", "s36", "s25", "s32", "s29", "s40", "s31"], "cnvs": []}, "3": {"ssms": ["s49", "s30", "s42", "s45", "s28", "s35", "s47", "s34", "s39", "s38", "s48"], "cnvs": []}, "4": {"ssms": ["s41", "s46", "s37", "s26", "s33"], "cnvs": []}, "5": {"ssms": ["s27"], "cnvs": []}}}