{"dataset_name": "data_emptysim.4.200.50.ssm", "mut_assignments": {"1": {"ssms": ["s9", "s8", "s3", "s2", "s1", "s0", "s7", "s6", "s5", "s4", "s22", "s23", "s20", "s21", "s26", "s27", "s24", "s25", "s28", "s29", "s44", "s45", "s46", "s47", "s40", "s41", "s42", "s43", "s48", "s49", "s19", "s18", "s13", "s12", "s11", "s10", "s17", "s16", "s15", "s14", "s39", "s38", "s35", "s34", "s37", "s36", "s31", "s30", "s33", "s32"], "cnvs": []}, "2": {"ssms": ["s55", "s53", "s52", "s59", "s71", "s70", "s73", "s75", "s74", "s76", "s93", "s92", "s90", "s96", "s95", "s94", "s98", "s68", "s67", "s65", "s62", "s63", "s61", "s82", "s84", "s85", "s87"], "cnvs": []}, "3": {"ssms": ["s57", "s56", "s81", "s54", "s80", "s51", "s50", "s86", "s97", "s79", "s78", "s99", "s72", "s69", "s66", "s64", "s83", "s60"], "cnvs": []}, "4": {"ssms": ["s148", "s149", "s133", "s139", "s130", "s115", "s108", "s112", "s111", "s128", "s106", "s121", "s101", "s141", "s103", "s77", "s126", "s117", "s145"], "cnvs": []}, "5": {"ssms": ["s135", "s109", "s134", "s104", "s100", "s102", "s131", "s137", "s132", "s119", "s118", "s116", "s114", "s113", "s110", "s129", "s127", "s124", "s125", "s138", "s136", "s140", "s143", "s144", "s146", "s147"], "cnvs": []}, "6": {"ssms": ["s58", "s89", "s91", "s88"], "cnvs": []}, "7": {"ssms": ["s123", "s120", "s142", "s107", "s105", "s122"], "cnvs": []}}}