{"dataset_name": "nb_results2_emptysim.6.300.25.ssm", "mut_assignments": {"1": {"ssms": ["s19", "s18", "s13", "s12", "s11", "s10", "s17", "s16", "s15", "s14", "s9", "s8", "s3", "s2", "s1", "s0", "s7", "s6", "s5", "s4", "s22", "s23", "s20", "s21", "s24"], "cnvs": []}, "2": {"ssms": ["s52", "s44", "s45", "s46", "s47", "s40", "s41", "s42", "s43", "s48", "s49", "s71", "s63", "s39", "s38", "s35", "s34", "s37", "s36", "s31", "s30", "s33", "s32", "s26", "s27", "s25", "s28", "s29"], "cnvs": []}, "3": {"ssms": ["s57", "s56", "s55", "s54", "s53", "s51", "s65", "s59", "s58", "s70", "s73", "s72", "s66", "s74", "s69", "s62", "s68", "s60", "s61", "s67", "s64"], "cnvs": []}, "4": {"ssms": ["s108", "s109", "s104", "s105", "s100", "s101", "s119", "s118", "s117", "s116", "s114", "s113", "s112", "s111", "s110", "s78", "s75", "s77", "s76", "s122", "s123", "s121", "s80", "s87", "s88"], "cnvs": []}, "5": {"ssms": ["s102"], "cnvs": []}, "6": {"ssms": ["s124", "s106"], "cnvs": []}, "7": {"ssms": ["s103"], "cnvs": []}, "8": {"ssms": ["s97", "s96", "s95", "s94", "s99", "s98", "s50", "s79", "s89", "s81", "s82", "s83", "s84", "s85", "s86", "s93", "s92", "s91", "s90"], "cnvs": []}, "9": {"ssms": ["s115"], "cnvs": []}, "10": {"ssms": ["s107"], "cnvs": []}, "11": {"ssms": ["s120"], "cnvs": []}}}