{"dataset_name": "nb_results2_emptysim.6.300.25.ssm", "mut_assignments": {"1": {"ssms": ["s19", "s18", "s13", "s12", "s11", "s10", "s17", "s16", "s15", "s14", "s9", "s8", "s3", "s2", "s1", "s0", "s7", "s6", "s5", "s4", "s22", "s23", "s20", "s21", "s24"], "cnvs": []}, "2": {"ssms": ["s52", "s58", "s44", "s45", "s46", "s47", "s40", "s41", "s42", "s43", "s48", "s49", "s63", "s39", "s38", "s35", "s34", "s37", "s36", "s31", "s30", "s33", "s32", "s26", "s27", "s25", "s28", "s29"], "cnvs": []}, "3": {"ssms": ["s57", "s56", "s55", "s54", "s53", "s51", "s50", "s59", "s79", "s71", "s70", "s73", "s72", "s74", "s90", "s96", "s94", "s99", "s68", "s69", "s66", "s67", "s64", "s65", "s62", "s60", "s61", "s82", "s85", "s86"], "cnvs": []}, "4": {"ssms": ["s77", "s78", "s95", "s92"], "cnvs": []}, "5": {"ssms": ["s97", "s114", "s113", "s98", "s121", "s108", "s89", "s105", "s75", "s87", "s76", "s80", "s81", "s83", "s84", "s93", "s88", "s91"], "cnvs": []}, "6": {"ssms": ["s117", "s115", "s111", "s110", "s120", "s124", "s109", "s104", "s100", "s102", "s123", "s119", "s118"], "cnvs": []}, "7": {"ssms": ["s112", "s122"], "cnvs": []}, "8": {"ssms": ["s103"], "cnvs": []}, "9": {"ssms": ["s116", "s101", "s106", "s107"], "cnvs": []}}}