{"dataset_name": "nb_results2_emptysim.6.300.25.ssm", "mut_assignments": {"1": {"ssms": ["s19", "s18", "s13", "s12", "s11", "s10", "s17", "s16", "s15", "s14", "s9", "s8", "s3", "s2", "s1", "s0", "s7", "s6", "s5", "s4", "s22", "s23", "s20", "s21", "s24"], "cnvs": []}, "2": {"ssms": ["s55", "s52", "s44", "s45", "s46", "s47", "s40", "s41", "s42", "s43", "s48", "s49", "s71", "s63", "s39", "s38", "s35", "s34", "s37", "s36", "s31", "s30", "s33", "s32", "s26", "s27", "s25", "s28", "s29"], "cnvs": []}, "3": {"ssms": ["s54", "s53", "s50", "s59", "s58", "s70", "s73", "s72", "s74", "s90", "s96", "s94", "s99", "s68", "s69", "s66", "s67", "s65", "s62", "s60", "s61", "s86"], "cnvs": []}, "4": {"ssms": ["s124"], "cnvs": []}, "5": {"ssms": ["s118"], "cnvs": []}, "6": {"ssms": ["s97", "s111", "s79", "s78", "s89", "s75", "s88", "s77", "s76", "s91", "s81", "s84", "s120", "s83", "s93", "s92", "s119", "s80"], "cnvs": []}, "7": {"ssms": ["s107"], "cnvs": []}, "8": {"ssms": ["s112", "s122", "s110", "s106", "s101", "s102"], "cnvs": []}, "9": {"ssms": ["s57", "s56", "s95", "s51", "s64", "s82", "s85"], "cnvs": []}, "10": {"ssms": ["s109"], "cnvs": []}, "11": {"ssms": ["s116", "s115", "s114", "s98", "s121", "s108", "s104", "s103", "s87"], "cnvs": []}, "12": {"ssms": ["s117", "s113", "s105"], "cnvs": []}, "13": {"ssms": ["s100", "s123"], "cnvs": []}}}