{"dataset_name": "nb_results2_emptysim.6.200.25.ssm", "mut_assignments": {"1": {"ssms": ["s19", "s18", "s13", "s12", "s11", "s10", "s17", "s16", "s15", "s14", "s35", "s9", "s8", "s3", "s2", "s1", "s0", "s7", "s6", "s5", "s4", "s22", "s23", "s21", "s24"], "cnvs": []}, "2": {"ssms": ["s53", "s50", "s59", "s44", "s45", "s46", "s47", "s40", "s41", "s42", "s43", "s48", "s49", "s71", "s70", "s73", "s74", "s64", "s65", "s63", "s60", "s61", "s39", "s38", "s34", "s37", "s36", "s31", "s30", "s33", "s32", "s20", "s26", "s27", "s25", "s28", "s29"], "cnvs": []}, "3": {"ssms": ["s56", "s54", "s52", "s51", "s58", "s68", "s66", "s72", "s62"], "cnvs": []}, "4": {"ssms": ["s106"], "cnvs": []}, "5": {"ssms": ["s57", "s55", "s100", "s117", "s79", "s78", "s75", "s76", "s93", "s92", "s91", "s97", "s96", "s95", "s99", "s98", "s69", "s67", "s80", "s81", "s83", "s85", "s86", "s87", "s88", "s89"], "cnvs": []}, "6": {"ssms": ["s115", "s114", "s113", "s112", "s111", "s123", "s120", "s121", "s108", "s109", "s105", "s107", "s77", "s101", "s103", "s94", "s84", "s124", "s119", "s90"], "cnvs": []}, "7": {"ssms": ["s122", "s110", "s104", "s102", "s82", "s118"], "cnvs": []}, "8": {"ssms": ["s116"], "cnvs": []}}}