{"dataset_name": "nb_results2_emptysim.6.200.25.ssm", "mut_assignments": {"1": {"ssms": ["s23", "s22", "s21", "s9", "s8", "s3", "s2", "s1", "s7", "s6", "s5", "s4", "s18", "s13", "s12", "s11", "s24", "s17", "s16", "s15"], "cnvs": []}, "2": {"ssms": ["s47", "s40", "s41", "s42", "s43", "s48", "s19", "s10", "s14", "s38", "s35", "s34", "s37", "s36", "s31", "s30", "s33", "s32", "s0", "s20", "s26", "s27", "s25", "s28", "s29"], "cnvs": []}, "3": {"ssms": ["s57", "s56", "s54", "s53", "s52", "s51", "s50", "s59", "s58", "s44", "s45", "s46", "s49", "s71", "s70", "s73", "s72", "s74", "s68", "s66", "s67", "s65", "s62", "s63", "s60", "s61", "s39"], "cnvs": []}, "4": {"ssms": ["s117", "s96", "s55", "s94", "s95", "s69", "s115", "s88", "s64", "s103", "s81", "s83", "s84", "s86", "s92", "s89", "s90"], "cnvs": []}, "5": {"ssms": ["s91"], "cnvs": []}, "6": {"ssms": ["s97", "s116", "s114", "s99", "s98", "s77", "s79", "s78", "s75", "s100", "s76", "s80", "s87", "s82", "s93"], "cnvs": []}, "7": {"ssms": ["s113", "s112", "s122", "s110", "s120", "s108", "s109", "s104", "s105", "s106", "s107", "s101", "s102", "s85", "s123", "s124", "s119", "s118"], "cnvs": []}, "8": {"ssms": ["s121", "s111"], "cnvs": []}}}