{"dataset_name": "nb_results2_emptysim.6.200.25.ssm", "mut_assignments": {"1": {"ssms": ["s19", "s18", "s13", "s12", "s11", "s17", "s14", "s35", "s9", "s8", "s3", "s2", "s1", "s0", "s7", "s6", "s5", "s4", "s22", "s23", "s20", "s21", "s24"], "cnvs": []}, "2": {"ssms": ["s44", "s45", "s47", "s40", "s41", "s42", "s43", "s48", "s10", "s16", "s15", "s39", "s38", "s34", "s37", "s36", "s31", "s30", "s33", "s32", "s26", "s27", "s25", "s28", "s29"], "cnvs": []}, "3": {"ssms": ["s56", "s55", "s54", "s53", "s52", "s51", "s50", "s59", "s58", "s46", "s49", "s71", "s70", "s73", "s72", "s74", "s68", "s66", "s67", "s64", "s65", "s62", "s63", "s60", "s61"], "cnvs": []}, "4": {"ssms": ["s97", "s114", "s111", "s110", "s123", "s75", "s100", "s94", "s82", "s83", "s84", "s87"], "cnvs": []}, "5": {"ssms": ["s112", "s120", "s105", "s107", "s102", "s103", "s89", "s119", "s90"], "cnvs": []}, "6": {"ssms": ["s122"], "cnvs": []}, "7": {"ssms": ["s121"], "cnvs": []}, "8": {"ssms": ["s57", "s117", "s99", "s98", "s96", "s79", "s78", "s69", "s88", "s77", "s76", "s80", "s81", "s85", "s86", "s93", "s92", "s91", "s118"], "cnvs": []}, "9": {"ssms": ["s116", "s115", "s113", "s108", "s95", "s124"], "cnvs": []}, "10": {"ssms": ["s109"], "cnvs": []}, "11": {"ssms": ["s106"], "cnvs": []}, "12": {"ssms": ["s101", "s104"], "cnvs": []}}}