{"dataset_name": "nb_results2_emptysim.6.200.25.ssm", "mut_assignments": {"1": {"ssms": ["s19", "s18", "s13", "s12", "s11", "s10", "s17", "s16", "s9", "s8", "s3", "s2", "s1", "s0", "s7", "s6", "s5", "s4", "s22", "s23", "s21", "s24", "s25", "s29"], "cnvs": []}, "2": {"ssms": ["s38", "s35", "s34", "s14", "s36", "s31", "s30", "s33", "s32", "s26", "s27", "s37", "s20", "s47", "s40", "s41", "s42", "s43", "s28", "s15", "s39"], "cnvs": []}, "3": {"ssms": ["s57", "s56", "s54", "s53", "s52", "s51", "s50", "s59", "s58", "s44", "s45", "s46", "s48", "s49", "s71", "s70", "s73", "s72", "s74", "s68", "s66", "s67", "s65", "s62", "s63", "s60", "s61"], "cnvs": []}, "4": {"ssms": ["s91"], "cnvs": []}, "5": {"ssms": ["s95", "s94", "s99", "s110", "s108", "s75", "s77", "s103", "s80", "s82", "s83", "s87", "s89"], "cnvs": []}, "6": {"ssms": ["s121", "s119"], "cnvs": []}, "7": {"ssms": ["s115", "s111", "s123", "s109", "s104", "s105", "s106", "s107", "s101", "s102", "s88", "s118"], "cnvs": []}, "8": {"ssms": ["s97", "s96", "s55", "s113", "s112", "s79", "s78", "s69", "s64", "s100", "s76", "s81", "s85", "s86", "s93", "s92", "s98", "s90"], "cnvs": []}, "9": {"ssms": ["s117", "s116", "s114", "s122", "s120", "s124", "s84"], "cnvs": []}}}