{"dataset_name": "nb_results2_emptysim.6.200.25.ssm", "mut_assignments": {"1": {"ssms": ["s19", "s18", "s13", "s12", "s11", "s10", "s17", "s16", "s15", "s14", "s9", "s8", "s3", "s2", "s1", "s0", "s7", "s6", "s5", "s4", "s22", "s23", "s21", "s24"], "cnvs": []}, "2": {"ssms": ["s38", "s35", "s34", "s37", "s36", "s31", "s33", "s32", "s26", "s27", "s28", "s44", "s20", "s47", "s40", "s41", "s42", "s43", "s29", "s25", "s39"], "cnvs": []}, "3": {"ssms": ["s57", "s56", "s54", "s53", "s52", "s51", "s50", "s59", "s58", "s45", "s46", "s48", "s49", "s71", "s70", "s73", "s72", "s74", "s95", "s68", "s66", "s67", "s65", "s62", "s63", "s60", "s61", "s30"], "cnvs": []}, "4": {"ssms": ["s96", "s113", "s123", "s79", "s107", "s100"], "cnvs": []}, "5": {"ssms": ["s115", "s114", "s122", "s111", "s110", "s120", "s121", "s108", "s109", "s104", "s105", "s101", "s102", "s103", "s80", "s84", "s85", "s119", "s118"], "cnvs": []}, "6": {"ssms": ["s117", "s97", "s55", "s94", "s99", "s98", "s88", "s78", "s69", "s75", "s64", "s77", "s76", "s87", "s89", "s81", "s86", "s93", "s92", "s91", "s90"], "cnvs": []}, "7": {"ssms": ["s83", "s106"], "cnvs": []}, "8": {"ssms": ["s116", "s124", "s112", "s82"], "cnvs": []}}}