{"dataset_name": "nb_results2_emptysim.6.200.25.ssm", "mut_assignments": {"1": {"ssms": ["s22", "s4", "s9", "s8", "s3", "s1", "s0", "s7", "s6", "s5", "s19", "s18", "s13", "s12", "s11", "s24", "s17", "s23", "s21"], "cnvs": []}, "2": {"ssms": ["s40", "s41", "s42", "s43", "s48", "s74", "s10", "s16", "s15", "s14", "s66", "s39", "s38", "s35", "s34", "s37", "s36", "s31", "s30", "s33", "s32", "s2", "s20", "s26", "s27", "s25", "s28", "s29"], "cnvs": []}, "3": {"ssms": ["s57", "s56", "s54", "s53", "s52", "s51", "s50", "s59", "s58", "s44", "s45", "s46", "s47", "s49", "s71", "s70", "s73", "s72", "s68", "s67", "s64", "s65", "s62", "s63", "s60", "s61"], "cnvs": []}, "4": {"ssms": ["s115", "s94", "s111", "s122", "s110", "s120", "s78", "s108", "s107", "s77", "s101", "s103", "s89", "s82", "s85", "s119", "s118"], "cnvs": []}, "5": {"ssms": ["s116", "s102", "s109", "s112"], "cnvs": []}, "6": {"ssms": ["s104", "s105"], "cnvs": []}, "7": {"ssms": ["s55", "s106", "s100", "s117", "s114", "s113", "s79", "s75", "s76", "s93", "s91", "s90", "s97", "s96", "s95", "s99", "s98", "s123", "s124", "s69", "s80", "s81", "s83", "s84", "s86", "s87", "s88"], "cnvs": []}, "8": {"ssms": ["s92"], "cnvs": []}, "9": {"ssms": ["s121"], "cnvs": []}}}