{"dataset_name": "nb_results2_emptysim.6.200.25.ssm", "mut_assignments": {"1": {"ssms": ["s19", "s18", "s13", "s12", "s11", "s10", "s17", "s16", "s14", "s9", "s8", "s3", "s2", "s1", "s0", "s7", "s6", "s5", "s4", "s22", "s23", "s21", "s24"], "cnvs": []}, "2": {"ssms": ["s47", "s40", "s41", "s42", "s43", "s48", "s15", "s39", "s38", "s35", "s34", "s37", "s36", "s31", "s30", "s33", "s32", "s20", "s26", "s27", "s25", "s28", "s29"], "cnvs": []}, "3": {"ssms": ["s57", "s56", "s55", "s54", "s53", "s52", "s51", "s50", "s59", "s58", "s44", "s45", "s46", "s49", "s71", "s70", "s73", "s72", "s74", "s68", "s66", "s67", "s64", "s65", "s62", "s63", "s60", "s61"], "cnvs": []}, "4": {"ssms": ["s78", "s69", "s75", "s91"], "cnvs": []}, "5": {"ssms": ["s104", "s107", "s103", "s119", "s118", "s117", "s116", "s115", "s113", "s112", "s110", "s92", "s90", "s97", "s98", "s122", "s123", "s120", "s121", "s80", "s87", "s88"], "cnvs": []}, "6": {"ssms": ["s77", "s95", "s114", "s99", "s96", "s79", "s108", "s106", "s100", "s76", "s102", "s94", "s81", "s82", "s83", "s84", "s85", "s86", "s93", "s89"], "cnvs": []}, "7": {"ssms": ["s101", "s124", "s109", "s105", "s111"], "cnvs": []}}}