{"dataset_name": "nb_results2_emptysim.6.200.25.ssm", "mut_assignments": {"1": {"ssms": ["s19", "s18", "s13", "s12", "s11", "s17", "s15", "s14", "s9", "s8", "s3", "s2", "s1", "s0", "s7", "s6", "s5", "s4", "s22", "s23", "s21", "s24"], "cnvs": []}, "2": {"ssms": ["s45", "s46", "s47", "s40", "s41", "s42", "s43", "s48", "s10", "s16", "s39", "s38", "s35", "s34", "s37", "s36", "s31", "s30", "s33", "s32", "s20", "s26", "s27", "s25", "s28", "s29"], "cnvs": []}, "3": {"ssms": ["s56", "s54", "s53", "s52", "s51", "s50", "s59", "s58", "s44", "s49", "s71", "s70", "s73", "s72", "s74", "s68", "s66", "s67", "s64", "s65", "s62", "s63", "s60", "s61"], "cnvs": []}, "4": {"ssms": ["s116", "s115", "s114", "s113", "s112", "s111", "s78", "s124", "s105", "s106", "s107", "s102", "s121", "s83", "s85", "s122", "s92", "s119", "s118"], "cnvs": []}, "5": {"ssms": ["s104", "s123"], "cnvs": []}, "6": {"ssms": ["s57", "s117", "s55", "s99", "s77", "s79", "s97", "s95", "s75", "s87", "s100", "s76", "s81", "s86", "s93", "s89"], "cnvs": []}, "7": {"ssms": ["s84"], "cnvs": []}, "8": {"ssms": ["s120"], "cnvs": []}, "9": {"ssms": ["s96", "s94", "s98", "s69", "s103", "s80", "s82", "s88", "s91", "s90"], "cnvs": []}, "10": {"ssms": ["s101", "s108", "s110"], "cnvs": []}, "11": {"ssms": ["s109"], "cnvs": []}}}