{"dataset_name": "nb_results2_emptysim.6.200.25.ssm", "mut_assignments": {"1": {"ssms": ["s19", "s18", "s13", "s12", "s11", "s17", "s16", "s9", "s8", "s3", "s2", "s1", "s0", "s7", "s6", "s5", "s4", "s22", "s23", "s20", "s21", "s24"], "cnvs": []}, "2": {"ssms": ["s53", "s44", "s47", "s40", "s41", "s42", "s43", "s48", "s10", "s15", "s14", "s39", "s38", "s35", "s34", "s37", "s36", "s31", "s33", "s32", "s26", "s27", "s25", "s28", "s29"], "cnvs": []}, "3": {"ssms": ["s57", "s56", "s54", "s52", "s51", "s50", "s59", "s58", "s45", "s46", "s49", "s71", "s70", "s73", "s72", "s74", "s68", "s69", "s66", "s67", "s64", "s65", "s62", "s63", "s60", "s61", "s30"], "cnvs": []}, "4": {"ssms": ["s115", "s89"], "cnvs": []}, "5": {"ssms": ["s120", "s111"], "cnvs": []}, "6": {"ssms": ["s102"], "cnvs": []}, "7": {"ssms": ["s116", "s95", "s114", "s76", "s110", "s79", "s78", "s123", "s104", "s105", "s75", "s100", "s101", "s82", "s83", "s84", "s85", "s92", "s98", "s90"], "cnvs": []}, "8": {"ssms": ["s112", "s121", "s108", "s109", "s106", "s119", "s118"], "cnvs": []}, "9": {"ssms": ["s117", "s97", "s55", "s94", "s113", "s96", "s87", "s107", "s77", "s80", "s81", "s99", "s86", "s93", "s88", "s91"], "cnvs": []}, "10": {"ssms": ["s103", "s122"], "cnvs": []}, "11": {"ssms": ["s124"], "cnvs": []}}}