{"dataset_name": "nb_results2_emptysim.6.200.25.ssm", "mut_assignments": {"1": {"ssms": ["s19", "s18", "s13", "s12", "s11", "s10", "s17", "s16", "s15", "s35", "s9", "s8", "s3", "s2", "s1", "s0", "s7", "s6", "s5", "s4", "s22", "s23", "s21"], "cnvs": []}, "2": {"ssms": ["s45", "s47", "s40", "s41", "s42", "s43", "s48", "s14", "s39", "s38", "s34", "s37", "s36", "s31", "s33", "s32", "s20", "s26", "s27", "s24", "s25", "s28", "s29"], "cnvs": []}, "3": {"ssms": ["s57", "s56", "s54", "s53", "s52", "s51", "s50", "s59", "s58", "s44", "s46", "s49", "s71", "s70", "s73", "s72", "s74", "s68", "s66", "s67", "s64", "s65", "s62", "s63", "s60", "s61", "s30"], "cnvs": []}, "4": {"ssms": ["s117", "s97", "s95", "s114", "s113", "s122", "s79", "s78", "s108", "s105", "s75", "s76", "s94", "s86", "s93", "s88", "s91", "s90"], "cnvs": []}, "5": {"ssms": ["s77", "s55", "s99", "s112", "s96", "s69", "s100", "s80", "s81", "s84", "s85", "s87", "s92", "s89", "s98"], "cnvs": []}, "6": {"ssms": ["s102", "s124"], "cnvs": []}, "7": {"ssms": ["s116", "s115", "s111", "s110", "s120", "s121", "s123", "s104", "s106", "s101", "s103", "s82", "s83", "s119", "s118"], "cnvs": []}, "8": {"ssms": ["s109", "s107"], "cnvs": []}}}