{"dataset_name": "nb_results2_emptysim.6.200.25.ssm", "mut_assignments": {"1": {"ssms": ["s4", "s9", "s8", "s1", "s7", "s6", "s5", "s19", "s22", "s13", "s12", "s11", "s24", "s17", "s23", "s21"], "cnvs": []}, "2": {"ssms": ["s47", "s40", "s41", "s42", "s43", "s48", "s18", "s10", "s16", "s15", "s14", "s39", "s38", "s35", "s34", "s37", "s36", "s31", "s30", "s33", "s32", "s3", "s2", "s0", "s20", "s26", "s27", "s25", "s28", "s29"], "cnvs": []}, "3": {"ssms": ["s57", "s56", "s54", "s53", "s52", "s51", "s50", "s59", "s58", "s44", "s45", "s46", "s49", "s71", "s70", "s73", "s72", "s74", "s68", "s66", "s67", "s64", "s65", "s62", "s63", "s60", "s61"], "cnvs": []}, "4": {"ssms": ["s100", "s117", "s112", "s111", "s110", "s79", "s78", "s77", "s93", "s92", "s90", "s96", "s95", "s94", "s99", "s98", "s123", "s80", "s81", "s82", "s85", "s87", "s88"], "cnvs": []}, "5": {"ssms": ["s116", "s115", "s113", "s122", "s120", "s121", "s108", "s109", "s105", "s75", "s107", "s101", "s102", "s103", "s83", "s84", "s91", "s118"], "cnvs": []}, "6": {"ssms": ["s106"], "cnvs": []}, "7": {"ssms": ["s97", "s76", "s55", "s69", "s89"], "cnvs": []}, "8": {"ssms": ["s114", "s104"], "cnvs": []}, "9": {"ssms": ["s124", "s86", "s119"], "cnvs": []}}}