{"dataset_name": "nb_results2_emptysim.6.200.25.ssm", "mut_assignments": {"1": {"ssms": ["s19", "s18", "s13", "s12", "s11", "s10", "s17", "s14", "s9", "s8", "s3", "s2", "s1", "s0", "s7", "s6", "s5", "s4", "s22", "s23", "s21", "s24"], "cnvs": []}, "2": {"ssms": ["s56", "s47", "s40", "s41", "s42", "s43", "s48", "s16", "s15", "s39", "s38", "s35", "s34", "s37", "s36", "s31", "s30", "s33", "s32", "s20", "s26", "s27", "s25", "s28", "s29"], "cnvs": []}, "3": {"ssms": ["s54", "s53", "s52", "s51", "s50", "s59", "s58", "s44", "s45", "s46", "s49", "s71", "s70", "s73", "s72", "s74", "s68", "s66", "s67", "s64", "s65", "s62", "s63", "s60", "s61"], "cnvs": []}, "4": {"ssms": ["s113", "s112", "s122", "s110", "s108", "s107", "s77", "s101", "s103", "s84", "s111", "s118"], "cnvs": []}, "5": {"ssms": ["s57", "s55", "s100", "s114", "s79", "s78", "s76", "s93", "s92", "s91", "s90", "s97", "s96", "s95", "s94", "s99", "s98", "s123", "s69", "s80", "s81", "s82", "s85", "s86", "s87", "s88", "s89"], "cnvs": []}, "6": {"ssms": ["s104", "s105"], "cnvs": []}, "7": {"ssms": ["s119"], "cnvs": []}, "8": {"ssms": ["s121"], "cnvs": []}, "9": {"ssms": ["s117", "s116", "s115", "s120", "s124", "s106", "s102", "s75", "s83"], "cnvs": []}, "10": {"ssms": ["s109"], "cnvs": []}}}