{"dataset_name": "nb_results2_emptysim.6.200.25.ssm", "mut_assignments": {"1": {"ssms": ["s22", "s4", "s9", "s8", "s3", "s2", "s1", "s0", "s7", "s6", "s5", "s19", "s18", "s13", "s12", "s11", "s24", "s17", "s23", "s15", "s21"], "cnvs": []}, "2": {"ssms": ["s45", "s47", "s40", "s41", "s42", "s43", "s48", "s10", "s16", "s14", "s39", "s38", "s35", "s34", "s37", "s36", "s31", "s33", "s32", "s20", "s26", "s27", "s25", "s28", "s29"], "cnvs": []}, "3": {"ssms": ["s56", "s54", "s53", "s52", "s51", "s50", "s59", "s58", "s44", "s46", "s49", "s71", "s70", "s73", "s72", "s74", "s68", "s66", "s67", "s64", "s65", "s62", "s63", "s60", "s61", "s30"], "cnvs": []}, "4": {"ssms": ["s116", "s113", "s98", "s111", "s120", "s124", "s109", "s105", "s76", "s81", "s83", "s99"], "cnvs": []}, "5": {"ssms": ["s57", "s96", "s115", "s89", "s108", "s69", "s100", "s102", "s80", "s85", "s86", "s88", "s91", "s90"], "cnvs": []}, "6": {"ssms": ["s55", "s104", "s107", "s101", "s103", "s118", "s117", "s114", "s112", "s110", "s79", "s78", "s75", "s77", "s93", "s92", "s97", "s95", "s94", "s122", "s121", "s82", "s84", "s87"], "cnvs": []}, "7": {"ssms": ["s106", "s119", "s123"], "cnvs": []}}}