{"dataset_name": "nb_results2_emptysim.6.200.100.ssm", "mut_assignments": {"1": {"ssms": ["s57", "s56", "s55", "s54", "s53", "s52", "s51", "s50", "s59", "s58", "s154", "s159", "s9", "s8", "s3", "s2", "s1", "s0", "s7", "s6", "s5", "s4", "s81", "s44", "s45", "s46", "s47", "s40", "s41", "s42", "s43", "s84", "s48", "s49", "s86", "s490", "s39", "s38", "s35", "s34", "s37", "s36", "s31", "s30", "s33", "s32", "s83", "s79", "s78", "s71", "s70", "s73", "s72", "s75", "s74", "s77", "s76", "s93", "s92", "s91", "s90", "s97", "s96", "s95", "s94", "s99", "s98", "s20", "s21", "s26", "s27", "s24", "s25", "s28", "s29", "s102", "s197", "s19", "s18", "s13", "s12", "s11", "s10", "s17", "s16", "s15", "s14", "s68", "s69", "s66", "s67", "s64", "s65", "s62", "s63", "s60", "s61", "s82", "s85", "s87", "s89", "s140", "s459"], "cnvs": []}, "2": {"ssms": ["s203", "s119", "s118", "s117", "s116", "s115", "s114", "s113", "s112", "s111", "s110", "s241", "s153", "s152", "s151", "s157", "s156", "s155", "s158", "s289", "s231", "s239", "s128", "s129", "s122", "s120", "s121", "s127", "s124", "s125", "s274", "s275", "s168", "s169", "s166", "s167", "s164", "s165", "s162", "s163", "s160", "s161", "s80", "s184", "s185", "s186", "s187", "s180", "s181", "s182", "s183", "s188", "s189", "s224", "s227", "s222", "s135", "s134", "s137", "s136", "s131", "s130", "s133", "s132", "s139", "s138", "s260", "s22", "s23", "s179", "s178", "s171", "s170", "s173", "s172", "s175", "s174", "s177", "s176", "s108", "s109", "s104", "s105", "s106", "s107", "s100", "s101", "s103", "s196", "s195", "s194", "s193", "s191", "s190", "s199", "s198", "s251", "s88", "s141", "s142", "s143", "s144", "s145", "s146", "s147", "s148", "s149", "s295", "s291", "s292"], "cnvs": []}, "3": {"ssms": ["s207", "s206", "s205", "s204", "s202", "s201", "s200", "s209", "s349", "s347", "s249", "s248", "s243", "s240", "s245", "s244", "s309", "s150", "s393", "s288", "s287", "s286", "s284", "s283", "s282", "s281", "s280", "s232", "s233", "s230", "s236", "s237", "s234", "s238", "s331", "s351", "s353", "s358", "s123", "s126", "s276", "s277", "s272", "s273", "s270", "s271", "s278", "s279", "s311", "s316", "s367", "s362", "s229", "s228", "s225", "s226", "s221", "s220", "s223", "s328", "s325", "s261", "s263", "s262", "s265", "s264", "s267", "s266", "s269", "s268", "s214", "s215", "s216", "s217", "s210", "s211", "s212", "s213", "s235", "s219", "s379", "s372", "s370", "s192", "s258", "s259", "s250", "s254", "s255", "s256", "s257", "s330", "s337", "s384", "s298", "s299", "s294", "s296", "s297", "s290", "s293"], "cnvs": []}, "4": {"ssms": ["s208", "s348", "s342", "s340", "s341", "s346", "s344", "s414", "s242", "s247", "s246", "s308", "s306", "s307", "s304", "s305", "s302", "s300", "s391", "s390", "s395", "s394", "s397", "s396", "s392", "s399", "s398", "s285", "s448", "s440", "s336", "s334", "s354", "s357", "s350", "s352", "s359", "s499", "s319", "s318", "s310", "s313", "s315", "s314", "s317", "s368", "s369", "s365", "s366", "s360", "s361", "s434", "s436", "s320", "s321", "s322", "s323", "s324", "s488", "s326", "s483", "s327", "s485", "s463", "s468", "s218", "s378", "s377", "s376", "s374", "s373", "s371", "s427", "s252", "s253", "s333", "s332", "s335", "s339", "s338", "s386", "s387", "s382", "s383", "s380", "s388", "s389", "s451", "s456", "s454", "s458"], "cnvs": []}, "5": {"ssms": ["s415", "s475", "s467", "s470", "s404", "s480", "s405", "s402", "s423", "s400", "s472", "s473", "s411", "s301", "s474"], "cnvs": []}, "6": {"ssms": ["s482", "s461", "s462", "s424", "s401", "s429", "s428", "s355", "s421", "s420", "s356", "s426", "s425", "s343", "s498", "s496", "s494", "s495", "s492", "s493", "s491", "s455", "s403", "s416", "s417", "s412", "s413", "s410", "s345", "s418", "s419", "s481", "s407", "s406", "s409", "s408", "s363", "s487", "s486", "s329", "s303", "s457", "s489", "s476", "s477", "s466", "s471", "s464", "s478", "s479", "s484", "s469", "s385", "s312", "s465", "s381", "s422", "s452", "s453", "s450", "s364", "s449", "s375", "s445", "s444", "s447", "s441", "s438", "s442", "s430", "s431", "s432", "s433", "s435", "s437", "s446", "s443", "s460", "s439", "s497"], "cnvs": []}}}