{"dataset_name": "nb_results2_emptysim.5.300.10.ssm", "mut_assignments": {"1": {"ssms": ["s9", "s8", "s3", "s2", "s1", "s0", "s7", "s6", "s5", "s4"], "cnvs": []}, "2": {"ssms": ["s19", "s18", "s13", "s12", "s11", "s10", "s17", "s16", "s15", "s14"], "cnvs": []}, "3": {"ssms": ["s26", "s27", "s24", "s28", "s22", "s23", "s20"], "cnvs": []}, "4": {"ssms": ["s21"], "cnvs": []}, "5": {"ssms": ["s29"], "cnvs": []}, "6": {"ssms": ["s38", "s25", "s31"], "cnvs": []}, "7": {"ssms": ["s36", "s35", "s34", "s33", "s32", "s30"], "cnvs": []}, "8": {"ssms": ["s37"], "cnvs": []}, "9": {"ssms": ["s39"], "cnvs": []}}}