{"dataset_name": "nb_results2_emptysim.6.200.50.ssm", "mut_assignments": {"1": {"ssms": ["s68", "s64", "s25", "s22", "s83", "s84", "s85", "s23", "s52", "s51", "s20", "s241", "s21", "s39", "s38", "s35", "s34", "s37", "s36", "s31", "s89", "s33", "s32", "s44", "s45", "s46", "s47", "s40", "s41", "s42", "s43", "s30", "s48", "s49", "s9", "s8", "s3", "s2", "s1", "s0", "s7", "s6", "s5", "s4", "s224", "s70", "s73", "s19", "s18", "s26", "s13", "s12", "s11", "s10", "s17", "s16", "s15", "s14", "s27", "s24", "s91", "s28", "s29", "s95", "s94", "s99"], "cnvs": []}, "2": {"ssms": ["s148", "s126", "s127", "s69", "s66", "s67", "s65", "s62", "s63", "s60", "s61", "s80", "s81", "s82", "s57", "s56", "s55", "s54", "s53", "s88", "s50", "s59", "s58", "s86", "s136", "s87", "s108", "s109", "s104", "s100", "s101", "s102", "s140", "s143", "s145", "s146", "s147", "s131", "s138", "s130", "s117", "s116", "s114", "s111", "s79", "s78", "s71", "s72", "s74", "s77", "s76", "s93", "s92", "s90", "s96", "s98"], "cnvs": []}, "3": {"ssms": ["s179", "s178", "s173", "s172", "s175", "s186", "s139", "s133", "s244", "s141", "s152", "s151", "s157", "s155", "s154", "s159", "s158", "s169", "s192", "s167", "s190", "s160", "s216", "s182", "s199"], "cnvs": []}, "4": {"ssms": ["s221", "s219", "s249", "s246", "s232", "s200", "s230", "s208", "s207", "s238"], "cnvs": []}, "5": {"ssms": ["s198", "s229", "s214"], "cnvs": []}, "6": {"ssms": ["s185", "s122", "s123", "s120", "s121", "s171", "s170", "s125", "s161", "s197", "s194", "s189", "s135", "s124", "s134", "s105", "s106", "s107", "s103", "s142", "s144", "s149", "s181", "s188", "s137", "s132", "s156", "s119", "s118", "s115", "s113", "s112", "s110", "s195", "s187", "s193", "s166", "s164", "s150", "s75", "s97", "s128", "s129"], "cnvs": []}, "7": {"ssms": ["s226", "s184", "s206", "s191"], "cnvs": []}, "8": {"ssms": ["s223", "s177", "s176", "s205", "s203", "s202", "s201", "s196", "s248", "s243", "s183", "s237", "s245", "s231", "s180", "s242", "s153", "s239", "s168", "s165", "s162", "s163", "s210", "s235", "s222"], "cnvs": []}, "9": {"ssms": ["s220", "s233", "s215", "s217", "s240", "s211", "s212", "s213", "s174", "s218", "s234", "s204", "s228", "s225", "s247", "s209", "s227", "s236"], "cnvs": []}}}