{"dataset_name": "nb_results2_emptysim.6.200.50.ssm", "mut_assignments": {"1": {"ssms": ["s22", "s83", "s23", "s52", "s20", "s241", "s21", "s39", "s38", "s35", "s34", "s37", "s36", "s31", "s30", "s33", "s32", "s44", "s45", "s46", "s47", "s40", "s41", "s42", "s43", "s48", "s49", "s9", "s8", "s3", "s2", "s1", "s0", "s7", "s6", "s5", "s4", "s224", "s19", "s18", "s26", "s13", "s12", "s11", "s10", "s17", "s16", "s15", "s14", "s27", "s24", "s25", "s28", "s29"], "cnvs": []}, "2": {"ssms": ["s126", "s127", "s68", "s69", "s66", "s67", "s64", "s65", "s62", "s63", "s60", "s61", "s80", "s81", "s82", "s57", "s56", "s55", "s54", "s53", "s85", "s51", "s50", "s59", "s58", "s86", "s87", "s88", "s101", "s102", "s138", "s130", "s137", "s89", "s116", "s114", "s79", "s78", "s84", "s71", "s70", "s73", "s72", "s74", "s77", "s76", "s93", "s92", "s91", "s90", "s97", "s96", "s95", "s94", "s99", "s98"], "cnvs": []}, "3": {"ssms": ["s226", "s185", "s179", "s173", "s175", "s176", "s205", "s233", "s242", "s191", "s190", "s184", "s198", "s181", "s153", "s152", "s151", "s157", "s156", "s158", "s195", "s187", "s192", "s167", "s164", "s162", "s160", "s214", "s182", "s206", "s199"], "cnvs": []}, "4": {"ssms": ["s232", "s230", "s218", "s207", "s200", "s246"], "cnvs": []}, "5": {"ssms": ["s180", "s122", "s123", "s120", "s121", "s171", "s170", "s125", "s172", "s148", "s197", "s186", "s194", "s139", "s189", "s136", "s135", "s124", "s108", "s109", "s161", "s134", "s104", "s105", "s106", "s107", "s100", "s103", "s140", "s141", "s142", "s143", "s144", "s145", "s146", "s147", "s131", "s149", "s188", "s133", "s150", "s132", "s154", "s119", "s118", "s117", "s115", "s113", "s112", "s111", "s110", "s193", "s166", "s75", "s128", "s129"], "cnvs": []}, "6": {"ssms": ["s221", "s220", "s247", "s178", "s223", "s174", "s177", "s204", "s203", "s202", "s201", "s196", "s209", "s208", "s249", "s238", "s243", "s183", "s240", "s237", "s245", "s244", "s231", "s234", "s155", "s239", "s229", "s228", "s159", "s248", "s168", "s165", "s163", "s215", "s216", "s217", "s210", "s236", "s213", "s235", "s219", "s211", "s227", "s225", "s222", "s169", "s212"], "cnvs": []}}}