{"dataset_name": "data_emptysim.4.300.200.ssm", "mut_assignments": {"1": {"ssms": ["s68", "s69", "s66", "s67", "s64", "s65", "s57", "s56", "s55", "s54", "s53", "s52", "s51", "s50", "s59", "s58", "s82", "s87", "s88", "s89", "s140", "s119", "s118", "s117", "s116", "s115", "s114", "s113", "s112", "s111", "s110", "s62", "s63", "s60", "s153", "s152", "s151", "s150", "s157", "s156", "s155", "s154", "s159", "s158", "s9", "s8", "s3", "s2", "s1", "s0", "s7", "s6", "s5", "s4", "s85", "s81", "s44", "s45", "s46", "s47", "s40", "s41", "s42", "s43", "s84", "s48", "s49", "s86", "s141", "s142", "s128", "s129", "s122", "s123", "s120", "s121", "s126", "s127", "s124", "s125", "s145", "s146", "s39", "s38", "s35", "s34", "s37", "s36", "s31", "s30", "s33", "s32", "s148", "s149", "s168", "s169", "s166", "s167", "s164", "s165", "s162", "s163", "s160", "s161", "s80", "s184", "s185", "s186", "s187", "s180", "s181", "s182", "s183", "s83", "s188", "s189", "s79", "s78", "s71", "s70", "s73", "s72", "s75", "s74", "s77", "s76", "s93", "s92", "s91", "s90", "s97", "s96", "s95", "s94", "s99", "s98", "s135", "s134", "s137", "s136", "s131", "s130", "s133", "s132", "s139", "s138", "s147", "s61", "s22", "s23", "s20", "s21", "s26", "s27", "s24", "s25", "s28", "s29", "s179", "s178", "s171", "s170", "s173", "s172", "s175", "s174", "s177", "s176", "s108", "s109", "s104", "s105", "s106", "s107", "s100", "s101", "s102", "s103", "s143", "s197", "s196", "s195", "s194", "s193", "s192", "s191", "s190", "s199", "s198", "s19", "s18", "s13", "s12", "s11", "s10", "s17", "s16", "s15", "s14", "s144"], "cnvs": []}, "2": {"ssms": ["s207", "s206", "s205", "s204", "s203", "s202", "s201", "s200", "s209", "s208", "s256", "s333", "s332", "s330", "s257", "s349", "s342", "s343", "s340", "s341", "s346", "s347", "s344", "s345", "s386", "s387", "s384", "s385", "s382", "s383", "s380", "s388", "s389", "s249", "s248", "s243", "s242", "s241", "s240", "s247", "s246", "s245", "s244", "s296", "s297", "s308", "s309", "s306", "s307", "s304", "s305", "s302", "s303", "s300", "s301", "s337", "s391", "s390", "s395", "s394", "s397", "s396", "s254", "s392", "s399", "s398", "s289", "s288", "s287", "s286", "s285", "s284", "s283", "s282", "s281", "s280", "s335", "s232", "s233", "s230", "s231", "s236", "s237", "s234", "s339", "s239", "s331", "s338", "s336", "s334", "s355", "s354", "s357", "s356", "s351", "s350", "s353", "s352", "s359", "s358", "s276", "s277", "s274", "s275", "s272", "s273", "s270", "s271", "s291", "s279", "s319", "s318", "s311", "s310", "s313", "s312", "s315", "s314", "s316", "s255", "s368", "s369", "s364", "s365", "s366", "s367", "s360", "s361", "s362", "s363", "s229", "s228", "s225", "s224", "s227", "s226", "s221", "s220", "s223", "s222", "s328", "s329", "s320", "s321", "s322", "s323", "s324", "s325", "s326", "s327", "s298", "s299", "s292", "s294", "s261", "s260", "s263", "s262", "s265", "s264", "s267", "s266", "s269", "s268", "s290", "s214", "s215", "s216", "s217", "s210", "s211", "s212", "s213", "s235", "s218", "s219", "s293", "s295", "s379", "s378", "s377", "s376", "s375", "s374", "s373", "s372", "s371", "s258", "s259", "s250", "s251", "s252", "s253"], "cnvs": []}, "3": {"ssms": ["s569", "s579", "s518", "s417", "s414", "s415", "s412", "s413", "s410", "s411", "s419", "s562", "s563", "s580", "s581", "s566", "s567", "s564", "s565", "s587", "s588", "s589", "s557", "s556", "s452", "s453", "s450", "s451", "s456", "s457", "s513", "s458", "s517", "s516", "s515", "s514", "s591", "s596", "s595", "s509", "s599", "s598", "s526", "s527", "s524", "s525", "s522", "s445", "s444", "s447", "s446", "s441", "s443", "s442", "s592", "s594", "s499", "s497", "s494", "s495", "s493", "s490", "s491", "s401", "s400", "s403", "s402", "s405", "s404", "s407", "s406", "s409", "s408", "s507", "s474", "s476", "s477", "s470", "s473", "s575", "s574", "s577", "s576", "s478", "s479", "s573", "s572", "s540", "s531", "s530", "s533", "s532", "s535", "s534", "s537", "s536", "s539", "s538", "s578", "s438", "s439", "s430", "s431", "s433", "s434", "s435", "s437", "s511", "s520", "s571", "s545", "s546", "s547", "s542", "s543", "s510", "s584", "s528", "s585", "s489", "s488", "s480", "s483", "s485", "s484", "s487", "s486", "s467", "s466", "s465", "s464", "s463", "s462", "s461", "s460", "s500", "s501", "s502", "s503", "s505", "s469", "s468", "s583", "s568", "s482", "s558", "s560", "s429", "s428", "s423", "s421", "s420", "s427", "s426", "s424", "s561", "s555", "s554", "s553", "s551", "s550"], "cnvs": []}, "4": {"ssms": ["s317", "s449", "s278", "s370", "s381", "s393", "s348", "s238"], "cnvs": []}, "5": {"ssms": ["s541", "s448", "s440", "s504", "s548", "s519", "s559", "s416", "s432", "s436", "s418", "s498", "s582", "s496", "s586", "s523", "s521", "s570", "s454", "s512", "s459", "s422", "s425", "s593", "s508", "s475", "s590", "s597", "s471", "s481", "s552", "s506", "s472", "s529", "s549", "s492", "s455", "s544"], "cnvs": []}}}