{"dataset_name": "nb_results2_emptysim.4.200.10.ssm", "mut_assignments": {"1": {"ssms": ["s9", "s8", "s3", "s2", "s1", "s0", "s7", "s6", "s5", "s4"], "cnvs": []}, "2": {"ssms": ["s19", "s18", "s13", "s12", "s11", "s17", "s16", "s15", "s14"], "cnvs": []}, "3": {"ssms": ["s25", "s10"], "cnvs": []}, "4": {"ssms": ["s26", "s24", "s20"], "cnvs": []}, "5": {"ssms": ["s23"], "cnvs": []}, "6": {"ssms": ["s28", "s29"], "cnvs": []}, "7": {"ssms": ["s21"], "cnvs": []}, "8": {"ssms": ["s27", "s22"], "cnvs": []}}}