{"dataset_name": "nb_results2_emptysim.4.200.10.ssm", "mut_assignments": {"1": {"ssms": ["s9", "s8", "s3", "s2", "s1", "s0", "s7", "s6", "s5", "s4"], "cnvs": []}, "2": {"ssms": ["s17", "s15", "s14", "s13", "s11"], "cnvs": []}, "3": {"ssms": ["s25", "s23"], "cnvs": []}, "4": {"ssms": ["s24", "s29", "s21"], "cnvs": []}, "5": {"ssms": ["s16", "s19", "s18", "s12", "s10"], "cnvs": []}, "6": {"ssms": ["s27", "s22", "s28"], "cnvs": []}, "7": {"ssms": ["s20"], "cnvs": []}, "8": {"ssms": ["s26"], "cnvs": []}}}