{"dataset_name": "nb_results2_emptysim.6.300.10.ssm", "mut_assignments": {"1": {"ssms": ["s9", "s8", "s3", "s2", "s1", "s0", "s7", "s6", "s5", "s4", "s14"], "cnvs": []}, "2": {"ssms": ["s20", "s26", "s27", "s29", "s19", "s18", "s13", "s12", "s11", "s10", "s17", "s16", "s15"], "cnvs": []}, "3": {"ssms": ["s32", "s22", "s23", "s21", "s24", "s25", "s28", "s34", "s36", "s37", "s31", "s39"], "cnvs": []}, "4": {"ssms": ["s33", "s30", "s35", "s38"], "cnvs": []}, "5": {"ssms": ["s41", "s42", "s45", "s48", "s40", "s47"], "cnvs": []}, "6": {"ssms": ["s43", "s49", "s44"], "cnvs": []}, "7": {"ssms": ["s46"], "cnvs": []}}}