{"dataset_name": "nb_results2_emptysim.6.300.10.ssm", "mut_assignments": {"1": {"ssms": ["s9", "s8", "s3", "s2", "s1", "s0", "s7", "s6", "s5", "s4"], "cnvs": []}, "2": {"ssms": ["s20", "s28", "s29", "s19", "s18", "s13", "s12", "s11", "s10", "s17", "s16", "s14"], "cnvs": []}, "3": {"ssms": ["s22", "s21", "s26", "s27", "s24", "s25", "s15"], "cnvs": []}, "4": {"ssms": ["s32", "s35", "s36", "s37", "s31", "s39", "s38"], "cnvs": []}, "5": {"ssms": ["s42"], "cnvs": []}, "6": {"ssms": ["s47"], "cnvs": []}, "7": {"ssms": ["s23"], "cnvs": []}, "8": {"ssms": ["s34", "s33"], "cnvs": []}, "9": {"ssms": ["s40"], "cnvs": []}, "10": {"ssms": ["s41", "s46", "s44", "s45", "s48"], "cnvs": []}, "11": {"ssms": ["s49", "s43"], "cnvs": []}, "12": {"ssms": ["s30"], "cnvs": []}}}