{"dataset_name": "nb_results2_emptysim.6.300.10.ssm", "mut_assignments": {"1": {"ssms": ["s9", "s8", "s3", "s2", "s1", "s0", "s7", "s6", "s5", "s4"], "cnvs": []}, "2": {"ssms": ["s20", "s19", "s18", "s13", "s12", "s11", "s10", "s17", "s16", "s14"], "cnvs": []}, "3": {"ssms": ["s32", "s22", "s23", "s21", "s26", "s27", "s24", "s25", "s28", "s29", "s15"], "cnvs": []}, "4": {"ssms": ["s36"], "cnvs": []}, "5": {"ssms": ["s33", "s30", "s35", "s48", "s40", "s31", "s39", "s38"], "cnvs": []}, "6": {"ssms": ["s41", "s46", "s44", "s45", "s49"], "cnvs": []}, "7": {"ssms": ["s43"], "cnvs": []}, "8": {"ssms": ["s34", "s37"], "cnvs": []}, "9": {"ssms": ["s42"], "cnvs": []}, "10": {"ssms": ["s47"], "cnvs": []}}}