{"dataset_name": "nb_results2_emptysim.5.300.25.ssm", "mut_assignments": {"1": {"ssms": ["s19", "s18", "s13", "s12", "s11", "s10", "s17", "s16", "s15", "s14", "s9", "s8", "s3", "s2", "s1", "s0", "s7", "s6", "s5", "s4", "s22", "s23", "s20", "s21", "s24"], "cnvs": []}, "2": {"ssms": ["s44", "s45", "s46", "s47", "s40", "s41", "s42", "s43", "s48", "s49", "s39", "s38", "s35", "s34", "s37", "s36", "s31", "s30", "s33", "s32", "s26", "s27", "s25", "s28", "s29"], "cnvs": []}, "3": {"ssms": ["s92", "s87"], "cnvs": []}, "4": {"ssms": ["s86", "s88", "s90", "s94", "s79", "s75", "s77"], "cnvs": []}, "5": {"ssms": ["s78"], "cnvs": []}, "6": {"ssms": ["s57", "s56", "s55", "s54", "s53", "s52", "s51", "s50", "s58", "s71", "s70", "s73", "s72", "s74", "s68", "s69", "s66", "s67", "s64", "s65", "s62", "s63", "s60", "s61"], "cnvs": []}, "7": {"ssms": ["s98"], "cnvs": []}, "8": {"ssms": ["s84", "s85", "s89", "s59", "s91", "s97", "s96", "s95", "s81", "s99", "s93", "s80", "s76", "s82", "s83"], "cnvs": []}}}