{"dataset_name": "data_emptysim.5.200.50.ssm", "mut_assignments": {"1": {"ssms": ["s3", "s39", "s38", "s35", "s57", "s37", "s36", "s31", "s30", "s33", "s32", "s0", "s7", "s44", "s45", "s46", "s47", "s40", "s41", "s42", "s43", "s2", "s1", "s48", "s49", "s6", "s5", "s4", "s22", "s23", "s20", "s21", "s26", "s27", "s24", "s25", "s28", "s29", "s34", "s19", "s18", "s13", "s12", "s11", "s10", "s17", "s16", "s15", "s14", "s9", "s8"], "cnvs": []}, "2": {"ssms": ["s86", "s87", "s88", "s89", "s56", "s55", "s54", "s53", "s52", "s51", "s50", "s59", "s58", "s131", "s116", "s79", "s78", "s71", "s70", "s73", "s72", "s75", "s74", "s77", "s76", "s93", "s92", "s91", "s90", "s97", "s96", "s95", "s94", "s99", "s98", "s68", "s69", "s66", "s67", "s64", "s63", "s60", "s61", "s80", "s81", "s82", "s83", "s84", "s85"], "cnvs": []}, "3": {"ssms": ["s136", "s140", "s142", "s147", "s146", "s145", "s108", "s109", "s134", "s104", "s105", "s106", "s107", "s100", "s102", "s148", "s130", "s133", "s137", "s118", "s117", "s115", "s114", "s111", "s129", "s122", "s123", "s120", "s121", "s127", "s124", "s65", "s62"], "cnvs": []}, "4": {"ssms": ["s178", "s139", "s168", "s174", "s194", "s141", "s183", "s181", "s188", "s153", "s151", "s150", "s156", "s154", "s159", "s158", "s180", "s132", "s184", "s166", "s167", "s164", "s162", "s161", "s195", "s193", "s192", "s191", "s190", "s182", "s185", "s186", "s187"], "cnvs": []}, "5": {"ssms": ["s177", "s170"], "cnvs": []}, "6": {"ssms": ["s176", "s171", "s196", "s155", "s199"], "cnvs": []}, "7": {"ssms": ["s179", "s172", "s175", "s197", "s189", "s143", "s144", "s135", "s138", "s152", "s101", "s103", "s119", "s165", "s163", "s113", "s112", "s110", "s157", "s160", "s128", "s126", "s125", "s198", "s173"], "cnvs": []}, "8": {"ssms": ["s149", "s169"], "cnvs": []}}}