{"dataset_name": "data_emptysim.5.200.50.ssm", "mut_assignments": {"1": {"ssms": ["s3", "s39", "s38", "s35", "s34", "s37", "s36", "s31", "s30", "s33", "s32", "s0", "s7", "s44", "s45", "s46", "s47", "s40", "s41", "s42", "s43", "s2", "s1", "s48", "s49", "s6", "s5", "s4", "s22", "s23", "s20", "s21", "s26", "s27", "s24", "s25", "s28", "s29", "s19", "s18", "s13", "s12", "s11", "s10", "s17", "s16", "s15", "s14", "s9", "s8"], "cnvs": []}, "2": {"ssms": ["s87", "s89", "s57", "s55", "s54", "s53", "s52", "s51", "s50", "s59", "s58", "s147", "s79", "s78", "s71", "s70", "s73", "s75", "s74", "s76", "s93", "s92", "s97", "s96", "s95", "s94", "s99", "s98", "s69", "s66", "s64", "s65", "s80", "s81", "s82"], "cnvs": []}, "3": {"ssms": ["s128", "s110"], "cnvs": []}, "4": {"ssms": ["s129", "s127", "s124", "s137", "s143", "s145"], "cnvs": []}, "5": {"ssms": ["s86", "s88", "s72", "s83", "s56", "s77", "s67", "s63", "s60", "s114", "s68", "s91", "s90", "s84", "s85"], "cnvs": []}, "6": {"ssms": ["s136", "s140", "s142", "s146", "s108", "s109", "s148", "s104", "s105", "s107", "s100", "s101", "s149", "s131", "s130", "s133", "s119", "s118", "s117", "s116", "s115", "s113", "s112", "s111", "s165", "s122", "s123", "s120", "s121", "s125", "s62", "s61"], "cnvs": []}, "7": {"ssms": ["s161", "s126", "s192", "s172", "s155"], "cnvs": []}, "8": {"ssms": ["s170", "s168", "s199", "s171"], "cnvs": []}, "9": {"ssms": ["s179", "s152", "s102", "s157", "s173", "s191", "s190", "s159", "s177", "s176", "s144", "s164", "s132", "s160", "s189", "s156", "s134", "s181", "s106"], "cnvs": []}, "10": {"ssms": ["s178", "s139", "s138", "s175", "s174", "s197", "s141", "s183", "s135", "s188", "s153", "s151", "s150", "s103", "s154", "s158", "s180", "s198", "s184", "s166", "s169", "s163", "s194", "s195", "s187", "s182", "s162", "s185", "s186", "s193"], "cnvs": []}, "11": {"ssms": ["s196", "s167"], "cnvs": []}}}