{"dataset_name": "data_emptysim.5.300.25.ssm", "mut_assignments": {"1": {"ssms": ["s19", "s18", "s13", "s12", "s11", "s10", "s17", "s16", "s15", "s14", "s9", "s8", "s3", "s2", "s1", "s0", "s7", "s6", "s5", "s4", "s22", "s23", "s20", "s21", "s24"], "cnvs": []}, "2": {"ssms": ["s44", "s45", "s46", "s47", "s40", "s41", "s42", "s43", "s48", "s49", "s39", "s38", "s35", "s34", "s37", "s36", "s31", "s30", "s33", "s32", "s26", "s27", "s25", "s28", "s29"], "cnvs": []}, "3": {"ssms": ["s57", "s54", "s52", "s50", "s59", "s58", "s63", "s64", "s61", "s62", "s69", "s66", "s67", "s71", "s70", "s73", "s72", "s60", "s74"], "cnvs": []}, "4": {"ssms": ["s79", "s78", "s75", "s77", "s76", "s93", "s92", "s91", "s90", "s97", "s95", "s94", "s99", "s98", "s80", "s81", "s82", "s83", "s84", "s85", "s86", "s87", "s88", "s89"], "cnvs": []}, "5": {"ssms": ["s96"], "cnvs": []}, "6": {"ssms": ["s56", "s55", "s53", "s51", "s68", "s65"], "cnvs": []}}}