{"dataset_name": "nb_results2_emptysim.5.200.25.ssm", "mut_assignments": {"1": {"ssms": ["s41", "s77", "s19", "s18", "s13", "s12", "s11", "s10", "s17", "s16", "s15", "s14", "s39", "s9", "s8", "s3", "s2", "s1", "s0", "s7", "s6", "s5", "s4", "s22", "s23", "s20", "s21", "s24"], "cnvs": []}, "2": {"ssms": ["s58", "s44", "s45", "s46", "s47", "s40", "s42", "s43", "s48", "s72", "s38", "s35", "s34", "s37", "s36", "s31", "s30", "s33", "s32", "s26", "s27", "s25", "s28", "s29"], "cnvs": []}, "3": {"ssms": ["s56", "s60", "s71", "s92"], "cnvs": []}, "4": {"ssms": ["s84", "s53", "s51", "s91", "s96", "s94", "s79", "s80", "s76"], "cnvs": []}, "5": {"ssms": ["s86", "s87", "s88", "s89", "s95", "s99", "s78", "s75", "s83"], "cnvs": []}, "6": {"ssms": ["s93", "s97"], "cnvs": []}, "7": {"ssms": ["s57", "s69", "s55", "s54", "s52", "s50", "s59", "s65", "s61", "s62", "s68", "s49", "s66", "s67", "s64", "s70", "s73", "s63", "s74"], "cnvs": []}, "8": {"ssms": ["s98", "s90", "s82"], "cnvs": []}, "9": {"ssms": ["s81"], "cnvs": []}, "10": {"ssms": ["s85"], "cnvs": []}}}