{"dataset_name": "nb_results2_emptysim.5.200.25.ssm", "mut_assignments": {"1": {"ssms": ["s41", "s77", "s19", "s18", "s13", "s12", "s11", "s10", "s17", "s16", "s15", "s14", "s39", "s9", "s8", "s3", "s2", "s1", "s0", "s7", "s6", "s5", "s4", "s22", "s23", "s20", "s21", "s24"], "cnvs": []}, "2": {"ssms": ["s25", "s28", "s36", "s38", "s35", "s34", "s44", "s45", "s46", "s47", "s40", "s30", "s42", "s43", "s48", "s29", "s31", "s32", "s37", "s26", "s27"], "cnvs": []}, "3": {"ssms": ["s57", "s62", "s55", "s66"], "cnvs": []}, "4": {"ssms": ["s59", "s72", "s67", "s64"], "cnvs": []}, "5": {"ssms": ["s73", "s56", "s49", "s52", "s58"], "cnvs": []}, "6": {"ssms": ["s33"], "cnvs": []}, "7": {"ssms": ["s54", "s53", "s50", "s92", "s97", "s68", "s69", "s70", "s63", "s60", "s61"], "cnvs": []}, "8": {"ssms": ["s84", "s85", "s86", "s87", "s88", "s51", "s91", "s90", "s96", "s94", "s99", "s79", "s78", "s71", "s65", "s75", "s74", "s80", "s76", "s83"], "cnvs": []}, "9": {"ssms": ["s82", "s89", "s95", "s81"], "cnvs": []}, "10": {"ssms": ["s93", "s98"], "cnvs": []}}}