{"dataset_name": "nb_results2_emptysim.5.200.25.ssm", "mut_assignments": {"1": {"ssms": ["s13", "s12", "s10", "s17", "s16", "s15", "s14", "s20", "s24", "s1", "s0", "s5", "s4", "s22", "s23", "s77", "s21", "s19", "s18"], "cnvs": []}, "2": {"ssms": ["s44", "s45", "s46", "s40", "s41", "s42", "s43", "s48", "s11", "s67", "s39", "s38", "s35", "s34", "s37", "s36", "s31", "s30", "s33", "s32", "s9", "s8", "s3", "s2", "s7", "s6", "s26", "s27", "s25", "s28", "s29"], "cnvs": []}, "3": {"ssms": ["s57", "s69", "s55", "s61", "s53", "s52", "s51", "s50", "s59", "s58", "s47", "s62", "s68", "s49", "s66", "s63", "s64", "s70", "s73", "s72", "s74"], "cnvs": []}, "4": {"ssms": ["s65", "s79", "s94"], "cnvs": []}, "5": {"ssms": ["s56", "s60", "s54", "s71", "s92"], "cnvs": []}, "6": {"ssms": ["s84", "s85", "s86", "s87", "s88", "s89", "s93", "s91", "s90", "s97", "s96", "s95", "s81", "s99", "s98", "s78", "s75", "s80", "s76", "s82", "s83"], "cnvs": []}}}