{"dataset_name": "nb_results2_emptysim.4.200.25.ssm", "mut_assignments": {"1": {"ssms": ["s9", "s8", "s3", "s2", "s1", "s0", "s7", "s6", "s5", "s4", "s19", "s18", "s13", "s12", "s11", "s10", "s17", "s16", "s15", "s14", "s22", "s23", "s20", "s21", "s24", "s25"], "cnvs": []}, "2": {"ssms": ["s27", "s43", "s46", "s39", "s38", "s48", "s49", "s45", "s33", "s35", "s42", "s32", "s34", "s26", "s40", "s36", "s28", "s37"], "cnvs": []}, "3": {"ssms": ["s41", "s31", "s47", "s44", "s29"], "cnvs": []}, "4": {"ssms": ["s54", "s70", "s65", "s30", "s52", "s71"], "cnvs": []}, "5": {"ssms": ["s62", "s55"], "cnvs": []}, "6": {"ssms": ["s59", "s50", "s68", "s66", "s69", "s60", "s74", "s56", "s67", "s57", "s64", "s53", "s58", "s51", "s63", "s73", "s72"], "cnvs": []}, "7": {"ssms": ["s61"], "cnvs": []}}}