{"dataset_name": "nb_results2_emptysim.4.200.25.ssm", "mut_assignments": {"1": {"ssms": ["s9", "s8", "s3", "s2", "s1", "s0", "s7", "s6", "s5", "s4", "s19", "s18", "s13", "s12", "s11", "s10", "s17", "s16", "s15", "s14", "s22", "s23", "s20", "s21", "s24", "s25"], "cnvs": []}, "2": {"ssms": ["s31", "s46", "s48", "s49", "s35", "s42", "s37", "s26"], "cnvs": []}, "3": {"ssms": ["s59"], "cnvs": []}, "4": {"ssms": ["s60", "s61"], "cnvs": []}, "5": {"ssms": ["s58"], "cnvs": []}, "6": {"ssms": ["s27", "s43", "s39", "s38", "s44", "s45", "s29", "s41", "s33", "s32", "s47", "s30", "s34", "s40", "s36", "s28"], "cnvs": []}, "7": {"ssms": ["s54", "s68", "s66", "s69", "s74", "s56", "s67", "s70", "s55", "s65", "s53", "s52", "s50", "s63", "s71", "s73", "s72", "s64"], "cnvs": []}, "8": {"ssms": ["s51", "s57"], "cnvs": []}, "9": {"ssms": ["s62"], "cnvs": []}}}