{"dataset_name": "nb_results2_emptysim.4.200.25.ssm", "mut_assignments": {"1": {"ssms": ["s9", "s8", "s3", "s2", "s1", "s0", "s7", "s6", "s5", "s4", "s19", "s18", "s13", "s12", "s11", "s10", "s17", "s16", "s15", "s14", "s22", "s23", "s20", "s21", "s24"], "cnvs": []}, "2": {"ssms": ["s43", "s46", "s38", "s29", "s31", "s49", "s35", "s47"], "cnvs": []}, "3": {"ssms": ["s65"], "cnvs": []}, "4": {"ssms": ["s27", "s25", "s39", "s28", "s44", "s48", "s45", "s41", "s33", "s32", "s30", "s42", "s34", "s26", "s40", "s36", "s37"], "cnvs": []}, "5": {"ssms": ["s68", "s61"], "cnvs": []}, "6": {"ssms": ["s54", "s59", "s66", "s69", "s70", "s62", "s74", "s56", "s67", "s57", "s55", "s60", "s53", "s52", "s51", "s63", "s71", "s73", "s72", "s50"], "cnvs": []}, "7": {"ssms": ["s58", "s64"], "cnvs": []}}}