{"dataset_name": "nb_results2_emptysim.4.200.25.ssm", "mut_assignments": {"1": {"ssms": ["s9", "s8", "s3", "s2", "s1", "s0", "s7", "s6", "s5", "s4", "s19", "s18", "s13", "s12", "s11", "s10", "s17", "s16", "s15", "s14", "s22", "s23", "s20", "s21", "s24", "s25"], "cnvs": []}, "2": {"ssms": ["s43", "s46", "s39", "s38", "s44", "s31", "s49", "s36", "s48", "s29", "s41", "s33", "s35", "s47", "s42", "s32", "s34", "s26", "s40", "s28", "s37"], "cnvs": []}, "3": {"ssms": ["s27", "s45", "s30"], "cnvs": []}, "4": {"ssms": ["s66", "s56", "s58", "s67", "s64", "s65", "s53", "s52", "s51", "s71", "s73"], "cnvs": []}, "5": {"ssms": ["s54", "s59", "s68", "s69", "s61", "s70", "s62", "s74", "s57", "s60", "s50", "s63", "s72"], "cnvs": []}, "6": {"ssms": ["s55"], "cnvs": []}}}