{"dataset_name": "nb_results2_emptysim.4.200.25.ssm", "mut_assignments": {"1": {"ssms": ["s9", "s8", "s3", "s2", "s1", "s0", "s7", "s6", "s5", "s4", "s19", "s18", "s13", "s12", "s11", "s10", "s17", "s16", "s15", "s14", "s22", "s23", "s20", "s21", "s24", "s25"], "cnvs": []}, "2": {"ssms": ["s43", "s46", "s44", "s45", "s35", "s47", "s34", "s40", "s37", "s31", "s39", "s38", "s41", "s33", "s32", "s30", "s42", "s26", "s27", "s28", "s29", "s48", "s49", "s36"], "cnvs": []}, "3": {"ssms": ["s54", "s70", "s68", "s66", "s69", "s61", "s62", "s74", "s56", "s58", "s67", "s57", "s55", "s60", "s53", "s52", "s50", "s63", "s73"], "cnvs": []}, "4": {"ssms": ["s59", "s72", "s71", "s64", "s65"], "cnvs": []}, "5": {"ssms": ["s51"], "cnvs": []}}}