{"dataset_name": "nb_results2_emptysim.6.200.10.ssm", "mut_assignments": {"1": {"ssms": ["s9", "s8", "s3", "s2", "s1", "s0", "s7", "s6", "s5", "s4", "s19", "s18", "s13", "s10", "s17", "s16", "s15", "s14"], "cnvs": []}, "2": {"ssms": ["s33", "s30", "s22", "s23", "s20", "s21", "s26", "s27", "s24", "s25", "s28", "s35", "s34", "s37", "s31", "s29", "s38", "s12", "s11"], "cnvs": []}, "3": {"ssms": ["s48"], "cnvs": []}, "4": {"ssms": ["s43", "s36", "s32", "s45", "s40"], "cnvs": []}, "5": {"ssms": ["s44"], "cnvs": []}, "6": {"ssms": ["s39"], "cnvs": []}, "7": {"ssms": ["s41", "s46", "s42", "s49", "s47"], "cnvs": []}}}