{"dataset_name": "nb_results2_emptysim.6.200.10.ssm", "mut_assignments": {"1": {"ssms": ["s9", "s8", "s3", "s2", "s1", "s0", "s7", "s6", "s5", "s4"], "cnvs": []}, "2": {"ssms": ["s26", "s19", "s18", "s13", "s12", "s11", "s10", "s17", "s16", "s15", "s14"], "cnvs": []}, "3": {"ssms": ["s30", "s22", "s23", "s20", "s21", "s27", "s24", "s25", "s28", "s29", "s34", "s31"], "cnvs": []}, "4": {"ssms": ["s43", "s45"], "cnvs": []}, "5": {"ssms": ["s39", "s48"], "cnvs": []}, "6": {"ssms": ["s46", "s36", "s40"], "cnvs": []}, "7": {"ssms": ["s49", "s42"], "cnvs": []}, "8": {"ssms": ["s33", "s32", "s37", "s35", "s38"], "cnvs": []}, "9": {"ssms": ["s41"], "cnvs": []}, "10": {"ssms": ["s44", "s47"], "cnvs": []}}}