{"dataset_name": "nb_results2_emptysim.6.200.10.ssm", "mut_assignments": {"1": {"ssms": ["s9", "s8", "s3", "s2", "s1", "s0", "s7", "s6", "s5", "s4", "s19", "s18", "s10", "s16", "s15", "s14"], "cnvs": []}, "2": {"ssms": ["s22", "s23", "s20", "s21", "s26", "s27", "s25", "s28", "s35", "s13", "s12", "s11", "s17"], "cnvs": []}, "3": {"ssms": ["s34", "s24", "s30", "s29", "s31"], "cnvs": []}, "4": {"ssms": ["s33", "s32", "s38", "s37", "s36"], "cnvs": []}, "5": {"ssms": ["s43", "s46", "s42", "s49", "s48"], "cnvs": []}, "6": {"ssms": ["s41", "s45", "s39", "s47"], "cnvs": []}, "7": {"ssms": ["s44"], "cnvs": []}, "8": {"ssms": ["s40"], "cnvs": []}}}