{"dataset_name": "nb_results2_emptysim.6.200.10.ssm", "mut_assignments": {"1": {"ssms": ["s9", "s8", "s3", "s2", "s1", "s7", "s6", "s5", "s4"], "cnvs": []}, "2": {"ssms": ["s0", "s19", "s18", "s13", "s12", "s11", "s10", "s17", "s16", "s15", "s14"], "cnvs": []}, "3": {"ssms": ["s22", "s23", "s20", "s21", "s27", "s24", "s25", "s28", "s29", "s31"], "cnvs": []}, "4": {"ssms": ["s43"], "cnvs": []}, "5": {"ssms": ["s34", "s33", "s32", "s30", "s26"], "cnvs": []}, "6": {"ssms": ["s36", "s37", "s35", "s38"], "cnvs": []}, "7": {"ssms": ["s41", "s46", "s44", "s42", "s47", "s49", "s40", "s48"], "cnvs": []}, "8": {"ssms": ["s45", "s39"], "cnvs": []}}}