{"dataset_name": "data_emptysim.6.200.25.ssm", "mut_assignments": {"1": {"ssms": ["s19", "s18", "s13", "s12", "s11", "s10", "s17", "s16", "s15", "s14", "s35", "s9", "s8", "s3", "s2", "s1", "s0", "s7", "s6", "s5", "s4", "s22", "s23", "s21", "s24", "s29"], "cnvs": []}, "2": {"ssms": ["s56", "s44", "s45", "s46", "s47", "s40", "s41", "s42", "s43", "s48", "s49", "s74", "s39", "s38", "s34", "s37", "s36", "s31", "s30", "s33", "s32", "s20", "s26", "s27", "s25", "s28"], "cnvs": []}, "3": {"ssms": ["s61", "s54", "s73", "s52"], "cnvs": []}, "4": {"ssms": ["s100"], "cnvs": []}, "5": {"ssms": ["s109", "s104", "s122", "s110"], "cnvs": []}, "6": {"ssms": ["s57", "s55", "s106", "s102", "s117", "s116", "s113", "s112", "s79", "s78", "s77", "s76", "s93", "s92", "s91", "s90", "s96", "s95", "s94", "s99", "s98", "s123", "s120", "s124", "s69", "s80", "s81", "s82", "s83", "s84", "s85", "s86", "s87", "s88", "s89"], "cnvs": []}, "7": {"ssms": ["s121", "s108", "s111"], "cnvs": []}, "8": {"ssms": ["s115"], "cnvs": []}, "9": {"ssms": ["s97", "s114", "s105", "s107", "s101", "s103", "s119", "s118"], "cnvs": []}, "10": {"ssms": ["s68", "s53", "s51", "s50", "s59", "s58", "s71", "s70", "s72", "s67", "s66", "s65", "s62", "s63", "s60", "s64"], "cnvs": []}, "11": {"ssms": ["s75"], "cnvs": []}}}