{"dataset_name": "data_emptysim.6.200.25.ssm", "mut_assignments": {"1": {"ssms": ["s23", "s22", "s4", "s9", "s8", "s3", "s2", "s1", "s0", "s7", "s6", "s5", "s19", "s18", "s13", "s12", "s21", "s24", "s17", "s16"], "cnvs": []}, "2": {"ssms": ["s44", "s45", "s47", "s40", "s41", "s42", "s43", "s48", "s11", "s10", "s15", "s14", "s62", "s39", "s38", "s35", "s34", "s37", "s36", "s31", "s30", "s33", "s32", "s20", "s26", "s27", "s25", "s28", "s29"], "cnvs": []}, "3": {"ssms": ["s66", "s51", "s64"], "cnvs": []}, "4": {"ssms": ["s124"], "cnvs": []}, "5": {"ssms": ["s100", "s118"], "cnvs": []}, "6": {"ssms": ["s119"], "cnvs": []}, "7": {"ssms": ["s121", "s106"], "cnvs": []}, "8": {"ssms": ["s55", "s104", "s105", "s107", "s101", "s117", "s114", "s113", "s79", "s78", "s75", "s77", "s76", "s93", "s92", "s91", "s90", "s97", "s96", "s95", "s94", "s99", "s98", "s69", "s80", "s81", "s82", "s85", "s86", "s87", "s88", "s89"], "cnvs": []}, "9": {"ssms": ["s116"], "cnvs": []}, "10": {"ssms": ["s103", "s83", "s115", "s109", "s122"], "cnvs": []}, "11": {"ssms": ["s120", "s102", "s112"], "cnvs": []}, "12": {"ssms": ["s108"], "cnvs": []}, "13": {"ssms": ["s57", "s56", "s54", "s53", "s52", "s50", "s59", "s58", "s71", "s70", "s73", "s72", "s67", "s74", "s65", "s68", "s60", "s61", "s63", "s46", "s49"], "cnvs": []}, "14": {"ssms": ["s110"], "cnvs": []}, "15": {"ssms": ["s111", "s123"], "cnvs": []}, "16": {"ssms": ["s84"], "cnvs": []}}}