{"dataset_name": "data_emptysim.6.200.25.ssm", "mut_assignments": {"1": {"ssms": ["s19", "s18", "s13", "s12", "s11", "s17", "s16", "s15", "s14", "s9", "s8", "s3", "s2", "s1", "s0", "s7", "s6", "s5", "s4", "s22", "s23", "s21", "s24"], "cnvs": []}, "2": {"ssms": ["s44", "s45", "s46", "s47", "s40", "s41", "s42", "s43", "s48", "s74", "s10", "s39", "s38", "s35", "s34", "s37", "s36", "s31", "s30", "s33", "s32", "s20", "s26", "s27", "s25", "s28", "s29"], "cnvs": []}, "3": {"ssms": ["s57", "s100", "s102", "s103", "s117", "s115", "s114", "s112", "s110", "s79", "s78", "s76", "s93", "s92", "s91", "s90", "s97", "s96", "s95", "s94", "s99", "s123", "s121", "s124", "s69", "s64", "s80", "s81", "s83", "s86", "s87", "s88", "s89"], "cnvs": []}, "4": {"ssms": ["s118"], "cnvs": []}, "5": {"ssms": ["s116", "s98"], "cnvs": []}, "6": {"ssms": ["s75"], "cnvs": []}, "7": {"ssms": ["s113", "s111", "s122", "s120", "s108", "s109", "s104", "s105", "s106", "s107", "s77", "s101", "s82", "s84", "s85"], "cnvs": []}, "8": {"ssms": ["s56", "s55", "s54", "s53", "s52", "s51", "s50", "s59", "s58", "s49", "s71", "s70", "s73", "s72", "s68", "s66", "s67", "s65", "s62", "s63", "s60", "s61"], "cnvs": []}, "9": {"ssms": ["s119"], "cnvs": []}}}