{"dataset_name": "data_emptysim.6.200.25.ssm", "mut_assignments": {"1": {"ssms": ["s19", "s18", "s13", "s12", "s11", "s10", "s17", "s16", "s15", "s14", "s9", "s8", "s3", "s2", "s1", "s0", "s7", "s6", "s5", "s4", "s22", "s23", "s20", "s21", "s24"], "cnvs": []}, "2": {"ssms": ["s47", "s40", "s41", "s42", "s43", "s48", "s74", "s39", "s38", "s35", "s34", "s37", "s36", "s31", "s30", "s33", "s32", "s26", "s27", "s25", "s28", "s29"], "cnvs": []}, "3": {"ssms": ["s104", "s105", "s107", "s102", "s119", "s117", "s115", "s114", "s112", "s111", "s75", "s76", "s92", "s91", "s90", "s95", "s99", "s98", "s122", "s121", "s82", "s83", "s85", "s87", "s89"], "cnvs": []}, "4": {"ssms": ["s77", "s113", "s123", "s79", "s108", "s100", "s103", "s80", "s124", "s118"], "cnvs": []}, "5": {"ssms": ["s57", "s56", "s55", "s54", "s53", "s52", "s51", "s50", "s59", "s58", "s44", "s45", "s46", "s49", "s71", "s70", "s73", "s72", "s93", "s94", "s68", "s66", "s67", "s64", "s65", "s62", "s63", "s60", "s61", "s81"], "cnvs": []}, "6": {"ssms": ["s96", "s86", "s69", "s88", "s78"], "cnvs": []}, "7": {"ssms": ["s97", "s116", "s110", "s120", "s106", "s101", "s84"], "cnvs": []}, "8": {"ssms": ["s109"], "cnvs": []}}}