{"dataset_name": "data_emptysim.6.200.25.ssm", "mut_assignments": {"1": {"ssms": ["s22", "s4", "s9", "s8", "s3", "s2", "s1", "s0", "s7", "s6", "s5", "s19", "s18", "s13", "s12", "s11", "s24", "s17", "s23", "s21"], "cnvs": []}, "2": {"ssms": ["s45", "s46", "s47", "s40", "s41", "s42", "s43", "s48", "s10", "s16", "s15", "s14", "s39", "s38", "s35", "s34", "s37", "s36", "s31", "s30", "s33", "s32", "s20", "s26", "s27", "s25", "s28", "s29"], "cnvs": []}, "3": {"ssms": ["s57", "s117", "s94", "s113", "s96", "s77", "s79", "s78", "s75", "s87", "s100", "s76", "s103", "s97", "s81", "s86", "s93", "s88", "s89"], "cnvs": []}, "4": {"ssms": ["s111", "s121", "s108", "s104", "s106", "s82", "s90", "s124", "s119", "s118"], "cnvs": []}, "5": {"ssms": ["s95", "s115", "s99", "s98", "s105", "s107", "s114", "s85"], "cnvs": []}, "6": {"ssms": ["s122"], "cnvs": []}, "7": {"ssms": ["s69"], "cnvs": []}, "8": {"ssms": ["s56", "s55", "s54", "s53", "s52", "s51", "s50", "s59", "s58", "s44", "s49", "s71", "s70", "s73", "s72", "s74", "s68", "s66", "s67", "s64", "s65", "s62", "s63", "s60", "s61"], "cnvs": []}, "9": {"ssms": ["s116", "s110", "s120", "s80", "s83", "s84", "s91"], "cnvs": []}, "10": {"ssms": ["s112"], "cnvs": []}, "11": {"ssms": ["s92"], "cnvs": []}, "12": {"ssms": ["s101", "s102"], "cnvs": []}, "13": {"ssms": ["s123"], "cnvs": []}, "14": {"ssms": ["s109"], "cnvs": []}}}