{"dataset_name": "data_emptysim.6.200.25.ssm", "mut_assignments": {"1": {"ssms": ["s19", "s18", "s13", "s12", "s11", "s17", "s16", "s14", "s9", "s8", "s3", "s2", "s1", "s0", "s7", "s6", "s5", "s4", "s22", "s23", "s21", "s24"], "cnvs": []}, "2": {"ssms": ["s44", "s46", "s47", "s40", "s41", "s42", "s43", "s48", "s49", "s10", "s15", "s39", "s38", "s35", "s34", "s37", "s36", "s30", "s33", "s32", "s20", "s26", "s27", "s25", "s28", "s29"], "cnvs": []}, "3": {"ssms": ["s97", "s55", "s110", "s78", "s69", "s75", "s88", "s87", "s76", "s102", "s81", "s93", "s92", "s89"], "cnvs": []}, "4": {"ssms": ["s115", "s113", "s112", "s111", "s120", "s124", "s105", "s106", "s107", "s101", "s103", "s80", "s84", "s122", "s91", "s90"], "cnvs": []}, "5": {"ssms": ["s118", "s123"], "cnvs": []}, "6": {"ssms": ["s57", "s56", "s54", "s53", "s52", "s51", "s50", "s59", "s58", "s45", "s71", "s70", "s73", "s72", "s74", "s68", "s66", "s67", "s64", "s65", "s62", "s63", "s60", "s61", "s31"], "cnvs": []}, "7": {"ssms": ["s117", "s96", "s95", "s114", "s99", "s98", "s77", "s79", "s100", "s82", "s85", "s86"], "cnvs": []}, "8": {"ssms": ["s108", "s104"], "cnvs": []}, "9": {"ssms": ["s121", "s109", "s119"], "cnvs": []}, "10": {"ssms": ["s83", "s116", "s94"], "cnvs": []}}}