{"dataset_name": "data_emptysim.6.200.25.ssm", "mut_assignments": {"1": {"ssms": ["s19", "s18", "s13", "s12", "s11", "s10", "s17", "s16", "s15", "s9", "s8", "s3", "s2", "s1", "s0", "s7", "s6", "s5", "s4", "s22", "s23", "s21", "s24"], "cnvs": []}, "2": {"ssms": ["s56", "s44", "s45", "s47", "s40", "s41", "s42", "s43", "s48", "s74", "s14", "s39", "s38", "s35", "s34", "s37", "s36", "s30", "s33", "s32", "s20", "s26", "s27", "s25", "s28", "s29"], "cnvs": []}, "3": {"ssms": ["s100", "s117", "s80", "s89", "s96"], "cnvs": []}, "4": {"ssms": ["s105", "s101", "s102", "s103", "s116", "s114", "s112", "s75", "s77", "s93", "s92", "s91", "s90", "s97", "s95", "s94", "s99", "s98", "s123", "s121", "s82", "s83", "s84", "s85", "s86", "s87"], "cnvs": []}, "5": {"ssms": ["s119"], "cnvs": []}, "6": {"ssms": ["s109"], "cnvs": []}, "7": {"ssms": ["s79", "s78", "s113", "s88"], "cnvs": []}, "8": {"ssms": ["s115", "s111", "s122", "s110", "s108", "s104"], "cnvs": []}, "9": {"ssms": ["s120", "s107", "s118"], "cnvs": []}, "10": {"ssms": ["s106"], "cnvs": []}, "11": {"ssms": ["s124"], "cnvs": []}, "12": {"ssms": ["s57", "s55", "s54", "s53", "s52", "s51", "s50", "s59", "s58", "s46", "s49", "s71", "s70", "s73", "s72", "s76", "s68", "s69", "s66", "s67", "s64", "s65", "s62", "s63", "s60", "s61", "s81", "s31"], "cnvs": []}}}