{"dataset_name": "data_emptysim.6.200.25.ssm", "mut_assignments": {"1": {"ssms": ["s22", "s4", "s9", "s8", "s3", "s2", "s1", "s0", "s7", "s6", "s5", "s19", "s18", "s13", "s12", "s11", "s17", "s23", "s15", "s14", "s21"], "cnvs": []}, "2": {"ssms": ["s46", "s47", "s40", "s41", "s42", "s43", "s48", "s10", "s16", "s39", "s38", "s35", "s34", "s37", "s36", "s31", "s30", "s33", "s32", "s20", "s26", "s27", "s24", "s25", "s28", "s29"], "cnvs": []}, "3": {"ssms": ["s57", "s117", "s95", "s76", "s96", "s77", "s78", "s89", "s75", "s100", "s101", "s80", "s87", "s83", "s93", "s98", "s90"], "cnvs": []}, "4": {"ssms": ["s121", "s69"], "cnvs": []}, "5": {"ssms": ["s97", "s99", "s103", "s113", "s85", "s92"], "cnvs": []}, "6": {"ssms": ["s79", "s86", "s94", "s104", "s88"], "cnvs": []}, "7": {"ssms": ["s116", "s115", "s114", "s112", "s111", "s110", "s120", "s108", "s109", "s105", "s106", "s107", "s102", "s91", "s82", "s84", "s123", "s122", "s124", "s119", "s118"], "cnvs": []}, "8": {"ssms": ["s56", "s55", "s54", "s53", "s52", "s51", "s50", "s59", "s58", "s44", "s45", "s49", "s71", "s70", "s73", "s72", "s74", "s68", "s66", "s67", "s64", "s65", "s62", "s63", "s60", "s61", "s81"], "cnvs": []}}}