{"dataset_name": "data_emptysim.6.200.25.ssm", "mut_assignments": {"1": {"ssms": ["s19", "s18", "s13", "s12", "s11", "s10", "s17", "s16", "s15", "s14", "s9", "s8", "s3", "s2", "s1", "s0", "s7", "s6", "s5", "s4", "s22", "s23", "s20", "s21", "s24", "s25"], "cnvs": []}, "2": {"ssms": ["s56", "s44", "s45", "s46", "s47", "s40", "s41", "s42", "s43", "s48", "s49", "s71", "s74", "s60", "s39", "s38", "s35", "s34", "s37", "s36", "s31", "s30", "s33", "s32", "s26", "s27", "s28", "s29"], "cnvs": []}, "3": {"ssms": ["s55", "s104", "s100", "s117", "s114", "s113", "s79", "s78", "s76", "s93", "s92", "s91", "s90", "s97", "s96", "s95", "s94", "s99", "s98", "s123", "s82", "s83", "s84", "s86", "s87", "s89"], "cnvs": []}, "4": {"ssms": ["s105"], "cnvs": []}, "5": {"ssms": ["s101"], "cnvs": []}, "6": {"ssms": ["s106"], "cnvs": []}, "7": {"ssms": ["s57", "s65", "s54", "s53", "s52", "s51", "s50", "s59", "s58", "s70", "s73", "s72", "s67", "s66", "s69", "s62", "s68", "s61", "s63", "s81", "s64"], "cnvs": []}, "8": {"ssms": ["s115", "s80", "s75", "s88"], "cnvs": []}, "9": {"ssms": ["s116", "s112", "s111", "s110", "s120", "s121", "s108", "s109", "s107", "s77", "s102", "s103", "s124", "s119", "s118"], "cnvs": []}, "10": {"ssms": ["s85"], "cnvs": []}, "11": {"ssms": ["s122"], "cnvs": []}}}