{"dataset_name": "data_emptysim.6.200.25.ssm", "mut_assignments": {"1": {"ssms": ["s22", "s4", "s9", "s8", "s3", "s2", "s1", "s0", "s7", "s6", "s5", "s19", "s18", "s13", "s12", "s11", "s24", "s17", "s23", "s21"], "cnvs": []}, "2": {"ssms": ["s44", "s47", "s40", "s41", "s42", "s43", "s48", "s10", "s16", "s15", "s14", "s39", "s38", "s35", "s34", "s37", "s36", "s31", "s30", "s33", "s32", "s20", "s26", "s27", "s25", "s28", "s29"], "cnvs": []}, "3": {"ssms": ["s79", "s69", "s75", "s100", "s76", "s86", "s87", "s88"], "cnvs": []}, "4": {"ssms": ["s101", "s118", "s117", "s116", "s115", "s114", "s113", "s112", "s111", "s110", "s78", "s77", "s93", "s92", "s91", "s90", "s97", "s96", "s95", "s94", "s99", "s123", "s80", "s81", "s82", "s83", "s84"], "cnvs": []}, "5": {"ssms": ["s98", "s122", "s120", "s121", "s108", "s109", "s104", "s105", "s107", "s102", "s103", "s124", "s119"], "cnvs": []}, "6": {"ssms": ["s106"], "cnvs": []}, "7": {"ssms": ["s57", "s56", "s55", "s54", "s53", "s52", "s51", "s50", "s59", "s58", "s45", "s46", "s49", "s71", "s70", "s73", "s72", "s74", "s68", "s66", "s67", "s64", "s65", "s62", "s63", "s60", "s61", "s89"], "cnvs": []}, "8": {"ssms": ["s85"], "cnvs": []}}}