{"dataset_name": "data_emptysim.6.200.25.ssm", "mut_assignments": {"1": {"ssms": ["s19", "s18", "s13", "s12", "s11", "s10", "s17", "s16", "s15", "s14", "s35", "s9", "s8", "s3", "s2", "s1", "s0", "s7", "s6", "s5", "s4", "s22", "s23", "s20", "s21", "s24"], "cnvs": []}, "2": {"ssms": ["s56", "s53", "s45", "s46", "s47", "s40", "s41", "s42", "s43", "s48", "s74", "s66", "s39", "s38", "s34", "s37", "s36", "s31", "s30", "s33", "s32", "s26", "s27", "s25", "s28", "s29"], "cnvs": []}, "3": {"ssms": ["s55", "s100", "s117", "s79", "s77", "s76", "s93", "s92", "s91", "s90", "s96", "s95", "s94", "s99", "s98", "s124", "s69", "s64", "s82", "s83", "s84", "s85", "s86", "s87", "s88", "s89"], "cnvs": []}, "4": {"ssms": ["s97", "s80"], "cnvs": []}, "5": {"ssms": ["s78", "s102", "s107"], "cnvs": []}, "6": {"ssms": ["s112"], "cnvs": []}, "7": {"ssms": ["s114", "s113", "s122", "s111", "s123", "s120", "s121", "s104", "s105", "s75", "s119", "s118"], "cnvs": []}, "8": {"ssms": ["s103"], "cnvs": []}, "9": {"ssms": ["s116"], "cnvs": []}, "10": {"ssms": ["s115", "s110", "s108", "s109", "s106", "s101"], "cnvs": []}, "11": {"ssms": ["s57", "s54", "s63", "s52", "s51", "s50", "s59", "s58", "s71", "s70", "s73", "s72", "s67", "s65", "s62", "s68", "s60", "s44", "s81", "s61", "s49"], "cnvs": []}}}