{"dataset_name": "data_emptysim.6.200.25.ssm", "mut_assignments": {"1": {"ssms": ["s19", "s18", "s13", "s12", "s11", "s10", "s17", "s16", "s15", "s14", "s35", "s9", "s8", "s3", "s2", "s1", "s0", "s7", "s6", "s5", "s4", "s22", "s23", "s20", "s21", "s24", "s29"], "cnvs": []}, "2": {"ssms": ["s58", "s44", "s46", "s47", "s40", "s41", "s42", "s43", "s48", "s71", "s74", "s66", "s62", "s60", "s39", "s38", "s34", "s37", "s36", "s31", "s30", "s33", "s32", "s26", "s27", "s25", "s28"], "cnvs": []}, "3": {"ssms": ["s100", "s102", "s103", "s117", "s116", "s114", "s79", "s78", "s75", "s77", "s76", "s93", "s92", "s90", "s97", "s96", "s95", "s94", "s99", "s69", "s80", "s81", "s82", "s83", "s85", "s86", "s87"], "cnvs": []}, "4": {"ssms": ["s88"], "cnvs": []}, "5": {"ssms": ["s119"], "cnvs": []}, "6": {"ssms": ["s115", "s112", "s110", "s108", "s109", "s104", "s107", "s98", "s84", "s123", "s91", "s118"], "cnvs": []}, "7": {"ssms": ["s57", "s56", "s55", "s54", "s53", "s52", "s51", "s50", "s59", "s63", "s70", "s73", "s72", "s67", "s64", "s65", "s68", "s61", "s45", "s49", "s89"], "cnvs": []}, "8": {"ssms": ["s113", "s111", "s122", "s120", "s124", "s105", "s106", "s101"], "cnvs": []}, "9": {"ssms": ["s121"], "cnvs": []}}}