{"dataset_name": "data_emptysim.6.200.25.ssm", "mut_assignments": {"1": {"ssms": ["s19", "s18", "s13", "s12", "s11", "s10", "s17", "s16", "s15", "s14", "s9", "s8", "s3", "s2", "s1", "s0", "s7", "s6", "s5", "s4", "s22", "s23", "s21", "s24", "s29"], "cnvs": []}, "2": {"ssms": ["s56", "s44", "s46", "s47", "s40", "s41", "s42", "s43", "s48", "s71", "s74", "s39", "s38", "s35", "s34", "s37", "s36", "s31", "s30", "s33", "s32", "s20", "s26", "s27", "s25", "s28"], "cnvs": []}, "3": {"ssms": ["s117", "s97", "s95", "s94", "s113", "s122", "s96", "s79", "s87", "s104", "s75", "s77", "s76", "s83", "s86", "s93", "s92"], "cnvs": []}, "4": {"ssms": ["s115", "s114", "s99", "s98", "s123", "s110", "s69", "s105", "s100", "s89", "s80", "s84", "s88", "s119", "s90"], "cnvs": []}, "5": {"ssms": ["s116", "s112", "s111", "s120", "s121", "s108", "s109", "s106", "s107", "s101", "s102", "s103", "s82", "s85", "s124", "s91", "s118"], "cnvs": []}, "6": {"ssms": ["s78"], "cnvs": []}, "7": {"ssms": ["s57", "s55", "s54", "s53", "s52", "s51", "s50", "s59", "s58", "s45", "s49", "s70", "s73", "s72", "s68", "s66", "s67", "s64", "s65", "s62", "s63", "s60", "s61", "s81"], "cnvs": []}}}