{"dataset_name": "data_emptysim.6.200.25.ssm", "mut_assignments": {"1": {"ssms": ["s19", "s18", "s13", "s12", "s11", "s17", "s16", "s15", "s9", "s8", "s3", "s2", "s1", "s0", "s7", "s6", "s5", "s4", "s22", "s23", "s21", "s24"], "cnvs": []}, "2": {"ssms": ["s53", "s44", "s45", "s47", "s40", "s41", "s42", "s43", "s48", "s74", "s10", "s14", "s39", "s38", "s35", "s34", "s37", "s36", "s31", "s30", "s33", "s32", "s20", "s26", "s27", "s25", "s28", "s29"], "cnvs": []}, "3": {"ssms": ["s55", "s89", "s81"], "cnvs": []}, "4": {"ssms": ["s116", "s102", "s109", "s122", "s84"], "cnvs": []}, "5": {"ssms": ["s124", "s104", "s106", "s118"], "cnvs": []}, "6": {"ssms": ["s57", "s105", "s100", "s117", "s115", "s114", "s110", "s79", "s78", "s75", "s77", "s76", "s93", "s90", "s97", "s96", "s95", "s94", "s99", "s98", "s123", "s69", "s80", "s82", "s83", "s85", "s86", "s87", "s88"], "cnvs": []}, "7": {"ssms": ["s91"], "cnvs": []}, "8": {"ssms": ["s113", "s112", "s111", "s120", "s121", "s108", "s107", "s101", "s103"], "cnvs": []}, "9": {"ssms": ["s56", "s54", "s52", "s51", "s50", "s59", "s58", "s46", "s49", "s71", "s70", "s73", "s72", "s68", "s66", "s67", "s64", "s65", "s62", "s63", "s60", "s61"], "cnvs": []}, "10": {"ssms": ["s92"], "cnvs": []}, "11": {"ssms": ["s119"], "cnvs": []}}}