{"dataset_name": "nb_results2_emptysim.5.300.50.ssm", "mut_assignments": {"1": {"ssms": ["s3", "s39", "s38", "s35", "s34", "s37", "s36", "s31", "s30", "s33", "s32", "s0", "s7", "s44", "s45", "s46", "s47", "s40", "s41", "s42", "s43", "s2", "s1", "s48", "s49", "s6", "s5", "s4", "s22", "s23", "s20", "s21", "s26", "s27", "s24", "s25", "s28", "s29", "s19", "s18", "s13", "s12", "s11", "s10", "s17", "s16", "s15", "s14", "s9", "s8"], "cnvs": []}, "2": {"ssms": ["s86", "s87", "s88", "s89", "s57", "s56", "s55", "s54", "s53", "s52", "s50", "s59", "s58", "s79", "s78", "s71", "s70", "s73", "s72", "s75", "s74", "s77", "s76", "s93", "s92", "s90", "s97", "s96", "s95", "s94", "s99", "s98", "s68", "s66", "s67", "s64", "s65", "s62", "s63", "s60", "s61", "s80", "s81", "s82", "s83", "s84", "s85"], "cnvs": []}, "3": {"ssms": ["s191", "s180", "s122"], "cnvs": []}, "4": {"ssms": ["s178", "s171", "s170", "s173", "s172", "s175", "s174", "s177", "s176", "s197", "s196", "s183", "s189", "s181", "s188", "s153", "s152", "s151", "s150", "s157", "s156", "s155", "s154", "s159", "s158", "s198", "s168", "s184", "s166", "s167", "s164", "s165", "s169", "s163", "s160", "s161", "s194", "s195", "s187", "s193", "s192", "s190", "s199", "s182", "s162", "s185", "s186"], "cnvs": []}, "5": {"ssms": ["s179", "s139", "s138", "s136", "s145", "s51", "s140", "s141", "s142", "s143", "s144", "s135", "s108", "s109", "s134", "s104", "s105", "s106", "s107", "s100", "s101", "s102", "s103", "s149", "s131", "s130", "s133", "s137", "s132", "s148", "s119", "s118", "s117", "s116", "s115", "s114", "s113", "s112", "s111", "s110", "s91", "s128", "s129", "s123", "s120", "s121", "s126", "s127", "s124", "s125", "s147", "s69", "s146"], "cnvs": []}}}