{"dataset_name": "nb_results2_emptysim.4.200.50.ssm", "mut_assignments": {"1": {"ssms": ["s9", "s8", "s3", "s2", "s1", "s0", "s7", "s6", "s5", "s4", "s22", "s23", "s20", "s21", "s26", "s27", "s24", "s25", "s28", "s29", "s44", "s45", "s46", "s47", "s40", "s41", "s42", "s43", "s48", "s49", "s19", "s18", "s13", "s12", "s11", "s10", "s17", "s16", "s15", "s14", "s39", "s38", "s35", "s34", "s37", "s36", "s31", "s30", "s33", "s32"], "cnvs": []}, "2": {"ssms": ["s57", "s56", "s55", "s54", "s53", "s52", "s51", "s50", "s59", "s58", "s79", "s78", "s71", "s70", "s73", "s72", "s75", "s74", "s77", "s76", "s93", "s92", "s91", "s90", "s97", "s96", "s95", "s94", "s99", "s98", "s68", "s69", "s66", "s67", "s64", "s65", "s62", "s63", "s60", "s61", "s80", "s81", "s82", "s83", "s84", "s85", "s86", "s87", "s88", "s89"], "cnvs": []}, "3": {"ssms": ["s148", "s149", "s133", "s137", "s132", "s130", "s138", "s135", "s108", "s112", "s111", "s128", "s105", "s113", "s101", "s102", "s125", "s141", "s122", "s136"], "cnvs": []}, "4": {"ssms": ["s134", "s104", "s106", "s107", "s100", "s103", "s131", "s119", "s118", "s117", "s116", "s114", "s110", "s129", "s123", "s120", "s121", "s126", "s127", "s124", "s139", "s140", "s142", "s143", "s144", "s145", "s146", "s109"], "cnvs": []}, "5": {"ssms": ["s115", "s147"], "cnvs": []}}}