{"dataset_name": "nb_results2_emptysim.6.300.50.ssm", "mut_assignments": {"1": {"ssms": ["s61", "s22", "s23", "s20", "s21", "s39", "s38", "s35", "s34", "s37", "s36", "s31", "s30", "s33", "s32", "s44", "s45", "s46", "s47", "s40", "s41", "s42", "s43", "s48", "s49", "s9", "s8", "s3", "s2", "s1", "s0", "s7", "s6", "s5", "s4", "s19", "s18", "s26", "s13", "s12", "s11", "s10", "s17", "s16", "s15", "s14", "s27", "s24", "s25", "s28", "s29"], "cnvs": []}, "2": {"ssms": ["s148", "s123", "s121", "s127", "s124", "s125", "s68", "s69", "s66", "s67", "s64", "s65", "s62", "s63", "s60", "s80", "s81", "s82", "s57", "s56", "s55", "s54", "s53", "s52", "s51", "s50", "s59", "s58", "s86", "s136", "s135", "s109", "s134", "s104", "s105", "s107", "s101", "s102", "s103", "s141", "s142", "s139", "s144", "s146", "s131", "s149", "s130", "s133", "s89", "s143", "s118", "s116", "s115", "s114", "s87", "s111", "s79", "s78", "s84", "s83", "s71", "s70", "s73", "s72", "s75", "s74", "s77", "s76", "s85", "s88", "s93", "s92", "s91", "s90", "s97", "s96", "s95", "s94", "s99", "s98", "s129"], "cnvs": []}, "3": {"ssms": ["s120", "s183", "s126", "s108", "s117", "s106", "s167", "s147"], "cnvs": []}, "4": {"ssms": ["s248", "s200", "s246", "s230", "s218", "s181", "s194", "s204", "s209", "s211", "s177", "s220"], "cnvs": []}, "5": {"ssms": ["s122", "s179", "s178", "s171", "s172", "s175", "s174", "s176", "s197", "s186", "s201", "s168", "s169", "s152", "s138", "s166", "s189", "s231", "s180", "s164", "s157", "s100", "s156", "s140", "s145", "s198", "s188", "s239", "s151", "s137", "s132", "s184", "s155", "s154", "s119", "s158", "s113", "s112", "s110", "s195", "s187", "s193", "s192", "s191", "s190", "s150", "s162", "s163", "s160", "s161", "s182", "s159", "s199", "s128"], "cnvs": []}, "6": {"ssms": ["s173", "s196", "s170", "s185"], "cnvs": []}, "7": {"ssms": ["s238", "s214", "s153", "s223", "s237", "s235", "s219", "s207", "s205", "s165", "s244", "s245"], "cnvs": []}, "8": {"ssms": ["s221", "s203", "s225", "s208", "s249", "s243", "s242", "s240", "s232", "s247", "s234", "s229", "s228", "s224", "s215", "s216", "s217", "s210", "s236", "s212", "s213", "s227", "s222"], "cnvs": []}, "9": {"ssms": ["s233", "s202", "s241", "s226", "s206"], "cnvs": []}}}