{"dataset_name": "nb_results2_emptysim.6.300.50.ssm", "mut_assignments": {"1": {"ssms": ["s22", "s23", "s20", "s21", "s39", "s38", "s35", "s34", "s37", "s36", "s31", "s30", "s33", "s32", "s44", "s45", "s46", "s47", "s40", "s41", "s42", "s43", "s48", "s49", "s9", "s8", "s3", "s2", "s1", "s0", "s7", "s6", "s5", "s4", "s19", "s18", "s26", "s13", "s12", "s11", "s10", "s17", "s16", "s15", "s14", "s27", "s24", "s25", "s28", "s29"], "cnvs": []}, "2": {"ssms": ["s125", "s69", "s66", "s67", "s64", "s65", "s62", "s63", "s60", "s61", "s80", "s81", "s82", "s57", "s84", "s55", "s54", "s53", "s52", "s51", "s50", "s59", "s58", "s86", "s87", "s88", "s89", "s79", "s78", "s83", "s71", "s70", "s73", "s72", "s75", "s74", "s77", "s76", "s85", "s93", "s92", "s91", "s90", "s97", "s96", "s95", "s94", "s99", "s98"], "cnvs": []}, "3": {"ssms": ["s122", "s123", "s120", "s121", "s127", "s124", "s68", "s148", "s56", "s139", "s138", "s136", "s135", "s108", "s109", "s134", "s104", "s105", "s106", "s107", "s101", "s102", "s103", "s140", "s141", "s142", "s143", "s144", "s145", "s146", "s147", "s131", "s149", "s130", "s133", "s137", "s132", "s119", "s118", "s117", "s116", "s115", "s114", "s113", "s111", "s110", "s187", "s128", "s129"], "cnvs": []}, "4": {"ssms": ["s226", "s221", "s238", "s242", "s216", "s217", "s211", "s244", "s201", "s215", "s193", "s206", "s205"], "cnvs": []}, "5": {"ssms": ["s249", "s233", "s223", "s237", "s245", "s229", "s210", "s234", "s204", "s202", "s225", "s208", "s227", "s235", "s222", "s241", "s224", "s243"], "cnvs": []}, "6": {"ssms": ["s185", "s220", "s179", "s178", "s126", "s171", "s170", "s173", "s172", "s175", "s176", "s197", "s186", "s196", "s166", "s183", "s189", "s167", "s231", "s180", "s164", "s100", "s156", "s198", "s181", "s188", "s152", "s151", "s150", "s157", "s184", "s155", "s154", "s159", "s158", "s112", "s195", "s168", "s169", "s192", "s191", "s190", "s165", "s162", "s163", "s160", "s161", "s182", "s199"], "cnvs": []}, "7": {"ssms": ["s174", "s177", "s207", "s203", "s209", "s248", "s200", "s246", "s230", "s247", "s194", "s153", "s239", "s228", "s214", "s240", "s236", "s212", "s213", "s218", "s219", "s232"], "cnvs": []}}}