{"dataset_name": "nb_results2_emptysim.6.300.5.ssm", "mut_assignments": {"1": {"ssms": ["s4", "s3", "s2", "s1", "s0"], "cnvs": []}, "2": {"ssms": ["s9", "s8", "s5", "s7", "s6"], "cnvs": []}, "3": {"ssms": ["s13", "s11"], "cnvs": []}, "4": {"ssms": ["s19"], "cnvs": []}, "5": {"ssms": ["s17"], "cnvs": []}, "6": {"ssms": ["s14", "s12", "s10"], "cnvs": []}, "7": {"ssms": ["s16", "s15", "s18"], "cnvs": []}, "8": {"ssms": ["s23"], "cnvs": []}, "9": {"ssms": ["s24"], "cnvs": []}, "10": {"ssms": ["s22", "s21"], "cnvs": []}, "11": {"ssms": ["s20"], "cnvs": []}}}