{"dataset_name": "nb_results2_emptysim.6.300.5.ssm", "mut_assignments": {"1": {"ssms": ["s4", "s3", "s2", "s1", "s0"], "cnvs": []}, "2": {"ssms": ["s9", "s8", "s5", "s7", "s6"], "cnvs": []}, "3": {"ssms": ["s17", "s16", "s15", "s24"], "cnvs": []}, "4": {"ssms": ["s21"], "cnvs": []}, "5": {"ssms": ["s23"], "cnvs": []}, "6": {"ssms": ["s19"], "cnvs": []}, "7": {"ssms": ["s22"], "cnvs": []}, "8": {"ssms": ["s14", "s13", "s12", "s11", "s10"], "cnvs": []}, "9": {"ssms": ["s18"], "cnvs": []}, "10": {"ssms": ["s20"], "cnvs": []}}}