{"dataset_name": "data_emptysim.5.300.10.ssm", "mut_assignments": {"1": {"ssms": ["s9", "s8", "s3", "s2", "s1", "s0", "s7", "s6", "s5", "s4"], "cnvs": []}, "2": {"ssms": ["s19", "s18", "s13", "s12", "s11", "s10", "s17", "s16", "s15", "s14"], "cnvs": []}, "3": {"ssms": ["s21", "s26", "s27", "s24", "s28", "s29", "s22", "s23", "s20"], "cnvs": []}, "4": {"ssms": ["s39", "s25", "s30", "s36"], "cnvs": []}, "5": {"ssms": ["s35", "s32", "s33"], "cnvs": []}, "6": {"ssms": ["s34"], "cnvs": []}, "7": {"ssms": ["s37", "s31"], "cnvs": []}, "8": {"ssms": ["s38"], "cnvs": []}}}