{"dataset_name": "data_emptysim.5.300.10.ssm", "mut_assignments": {"1": {"ssms": ["s9", "s8", "s3", "s2", "s1", "s0", "s7", "s6", "s5", "s4"], "cnvs": []}, "2": {"ssms": ["s19", "s18", "s13", "s12", "s11", "s10", "s17", "s16", "s15", "s14"], "cnvs": []}, "3": {"ssms": ["s27", "s23"], "cnvs": []}, "4": {"ssms": ["s24", "s28", "s20"], "cnvs": []}, "5": {"ssms": ["s38"], "cnvs": []}, "6": {"ssms": ["s39", "s34"], "cnvs": []}, "7": {"ssms": ["s35"], "cnvs": []}, "8": {"ssms": ["s33"], "cnvs": []}, "9": {"ssms": ["s21", "s26", "s22", "s29"], "cnvs": []}, "10": {"ssms": ["s36"], "cnvs": []}, "11": {"ssms": ["s37", "s25", "s31", "s30"], "cnvs": []}, "12": {"ssms": ["s32"], "cnvs": []}}}