{"dataset_name": "data_emptysim.6.200.50.ssm", "mut_assignments": {"1": {"ssms": ["s22", "s23", "s52", "s20", "s21", "s39", "s38", "s35", "s34", "s37", "s36", "s31", "s30", "s33", "s32", "s44", "s45", "s46", "s47", "s40", "s41", "s42", "s43", "s48", "s49", "s9", "s8", "s3", "s2", "s1", "s0", "s7", "s6", "s5", "s4", "s19", "s18", "s26", "s13", "s12", "s11", "s10", "s17", "s16", "s15", "s14", "s27", "s24", "s25", "s28", "s29"], "cnvs": []}, "2": {"ssms": ["s68", "s69", "s66", "s67", "s64", "s65", "s63", "s60", "s61", "s80", "s81", "s82", "s57", "s84", "s55", "s54", "s53", "s85", "s51", "s50", "s59", "s58", "s86", "s88", "s89", "s130", "s116", "s79", "s78", "s83", "s71", "s70", "s73", "s72", "s77", "s93", "s92", "s91", "s90", "s96", "s95", "s94", "s99", "s98"], "cnvs": []}, "3": {"ssms": ["s123", "s166", "s181", "s109", "s197", "s105", "s113", "s107", "s145", "s141", "s193", "s147", "s142", "s139"], "cnvs": []}, "4": {"ssms": ["s156", "s160", "s150"], "cnvs": []}, "5": {"ssms": ["s122", "s120", "s121", "s126", "s171", "s170", "s125", "s161", "s148", "s62", "s56", "s194", "s87", "s138", "s189", "s136", "s135", "s124", "s108", "s134", "s104", "s106", "s100", "s101", "s102", "s103", "s140", "s143", "s144", "s127", "s131", "s149", "s151", "s137", "s132", "s119", "s118", "s117", "s114", "s112", "s111", "s110", "s195", "s75", "s74", "s76", "s146", "s97", "s128", "s129"], "cnvs": []}, "6": {"ssms": ["s185", "s179", "s173", "s172", "s175", "s174", "s177", "s176", "s186", "s201", "s196", "s249", "s183", "s237", "s245", "s231", "s180", "s164", "s155", "s188", "s153", "s152", "s133", "s157", "s184", "s229", "s154", "s159", "s158", "s115", "s167", "s187", "s169", "s192", "s191", "s190", "s165", "s162", "s182", "s199", "s222"], "cnvs": []}, "7": {"ssms": ["s226", "s220", "s243", "s239", "s210", "s203", "s227"], "cnvs": []}, "8": {"ssms": ["s221", "s233", "s223", "s198", "s232", "s212", "s206", "s235", "s234", "s202", "s225", "s216"], "cnvs": []}, "9": {"ssms": ["s238", "s215", "s244", "s219", "s205", "s209", "s208", "s213", "s230", "s240"], "cnvs": []}, "10": {"ssms": ["s168", "s228", "s214"], "cnvs": []}, "11": {"ssms": ["s163", "s248", "s178", "s241", "s217", "s246", "s247", "s218", "s207", "s204", "s224", "s242", "s200", "s211", "s236"], "cnvs": []}}}