{"dataset_name": "data_emptysim.6.200.50.ssm", "mut_assignments": {"1": {"ssms": ["s25", "s84", "s23", "s52", "s20", "s21", "s39", "s38", "s35", "s34", "s37", "s36", "s31", "s30", "s33", "s32", "s44", "s45", "s46", "s47", "s40", "s41", "s42", "s43", "s48", "s49", "s9", "s8", "s3", "s2", "s0", "s7", "s6", "s5", "s4", "s70", "s73", "s19", "s18", "s26", "s13", "s12", "s11", "s22", "s17", "s16", "s15", "s14", "s27", "s24", "s91", "s28", "s29", "s95"], "cnvs": []}, "2": {"ssms": ["s83", "s1", "s53", "s10", "s51"], "cnvs": []}, "3": {"ssms": ["s171", "s57", "s56", "s55", "s54", "s50", "s59", "s58", "s135", "s108", "s109", "s134", "s104", "s105", "s106", "s107", "s100", "s101", "s102", "s103", "s131", "s130", "s137", "s132", "s119", "s118", "s117", "s116", "s114", "s113", "s112", "s111", "s110", "s79", "s78", "s71", "s72", "s75", "s74", "s77", "s76", "s93", "s92", "s90", "s97", "s96", "s94", "s99", "s98", "s128", "s129", "s122", "s123", "s121", "s126", "s127", "s124", "s125", "s68", "s69", "s66", "s67", "s64", "s65", "s62", "s63", "s60", "s61", "s80", "s81", "s82", "s85", "s86", "s87", "s88", "s89", "s138", "s194", "s140", "s142", "s143", "s145", "s146", "s147", "s148", "s149", "s181"], "cnvs": []}, "4": {"ssms": ["s185", "s179", "s178", "s170", "s173", "s172", "s175", "s176", "s197", "s120", "s225", "s196", "s168", "s139", "s166", "s183", "s189", "s136", "s167", "s244", "s180", "s164", "s156", "s141", "s144", "s151", "s242", "s153", "s152", "s133", "s150", "s157", "s184", "s155", "s154", "s159", "s158", "s115", "s195", "s187", "s193", "s192", "s191", "s190", "s165", "s162", "s160", "s161", "s188", "s182", "s206", "s186", "s199"], "cnvs": []}, "5": {"ssms": ["s221", "s248", "s233", "s216", "s200", "s237", "s174", "s177", "s234", "s231", "s228", "s214"], "cnvs": []}, "6": {"ssms": ["s226", "s220", "s205", "s203", "s202", "s201", "s209", "s208", "s249", "s238", "s243", "s241", "s232", "s245", "s230", "s247", "s198", "s239", "s229", "s224", "s163", "s215", "s217", "s210", "s236", "s212", "s213", "s235", "s218", "s219", "s211", "s227", "s222"], "cnvs": []}, "7": {"ssms": ["s204", "s169", "s223", "s207", "s240", "s246"], "cnvs": []}}}