{"dataset_name": "nb_results2_emptysim.5.200.50.ssm", "mut_assignments": {"1": {"ssms": ["s171", "s3", "s39", "s38", "s35", "s34", "s37", "s36", "s31", "s30", "s33", "s32", "s0", "s7", "s44", "s45", "s46", "s47", "s40", "s41", "s42", "s43", "s2", "s1", "s48", "s49", "s5", "s4", "s22", "s23", "s20", "s21", "s26", "s27", "s24", "s25", "s28", "s29", "s19", "s18", "s13", "s12", "s11", "s10", "s17", "s16", "s15", "s14", "s9", "s8"], "cnvs": []}, "2": {"ssms": ["s86", "s87", "s89", "s57", "s56", "s55", "s54", "s53", "s52", "s51", "s50", "s58", "s6", "s78", "s71", "s70", "s73", "s72", "s75", "s74", "s77", "s76", "s93", "s92", "s91", "s90", "s97", "s96", "s95", "s94", "s99", "s98", "s68", "s66", "s67", "s64", "s63", "s60", "s80", "s81", "s82", "s83", "s84", "s85"], "cnvs": []}, "3": {"ssms": ["s151", "s102", "s132", "s166", "s144"], "cnvs": []}, "4": {"ssms": ["s138", "s136", "s140", "s142", "s147", "s146", "s145", "s108", "s109", "s134", "s104", "s105", "s107", "s100", "s101", "s148", "s149", "s131", "s130", "s133", "s137", "s119", "s118", "s117", "s116", "s115", "s114", "s112", "s111", "s128", "s129", "s122", "s123", "s120", "s121", "s127", "s124", "s125", "s62", "s61"], "cnvs": []}, "5": {"ssms": ["s177", "s195", "s157", "s161", "s191", "s162"], "cnvs": []}, "6": {"ssms": ["s179", "s103", "s126", "s198", "s110", "s165", "s113", "s106"], "cnvs": []}, "7": {"ssms": ["s69", "s65", "s88", "s59", "s79"], "cnvs": []}, "8": {"ssms": ["s152", "s173", "s141", "s143", "s164", "s135", "s139"], "cnvs": []}, "9": {"ssms": ["s182", "s197", "s184", "s163", "s180"], "cnvs": []}, "10": {"ssms": ["s178", "s156", "s185", "s175", "s176", "s169", "s189"], "cnvs": []}, "11": {"ssms": ["s155", "s150", "s170", "s192", "s172", "s190", "s174", "s158", "s194", "s196", "s187", "s168", "s183", "s199", "s193", "s186", "s160", "s167", "s181", "s188", "s153"], "cnvs": []}, "12": {"ssms": ["s154", "s159"], "cnvs": []}}}