{"dataset_name": "data_emptysim.6.300.25.ssm", "mut_assignments": {"1": {"ssms": ["s19", "s18", "s13", "s12", "s11", "s10", "s17", "s16", "s15", "s14", "s9", "s8", "s3", "s2", "s1", "s0", "s7", "s6", "s5", "s4", "s22", "s23", "s20", "s21", "s24"], "cnvs": []}, "2": {"ssms": ["s52", "s44", "s45", "s46", "s47", "s40", "s41", "s42", "s43", "s48", "s49", "s63", "s39", "s38", "s35", "s34", "s37", "s36", "s31", "s30", "s33", "s32", "s26", "s27", "s25", "s28", "s29"], "cnvs": []}, "3": {"ssms": ["s96", "s95", "s51", "s50", "s79", "s78", "s69", "s74", "s65", "s82", "s83", "s85", "s86", "s92", "s89", "s90"], "cnvs": []}, "4": {"ssms": ["s117", "s77", "s113", "s98", "s111", "s97", "s87", "s108", "s75", "s100", "s120", "s84", "s93", "s88", "s91"], "cnvs": []}, "5": {"ssms": ["s116", "s112", "s123", "s101", "s119", "s118"], "cnvs": []}, "6": {"ssms": ["s115", "s110"], "cnvs": []}, "7": {"ssms": ["s121", "s80"], "cnvs": []}, "8": {"ssms": ["s57", "s56", "s55", "s54", "s53", "s59", "s58", "s71", "s70", "s73", "s72", "s67", "s66", "s62", "s68", "s94", "s61", "s60", "s99", "s64"], "cnvs": []}, "9": {"ssms": ["s76", "s81"], "cnvs": []}, "10": {"ssms": ["s102", "s109", "s104", "s124"], "cnvs": []}, "11": {"ssms": ["s106", "s114", "s105", "s122", "s107"], "cnvs": []}, "12": {"ssms": ["s103"], "cnvs": []}}}