{"dataset_name": "data_emptysim.6.300.25.ssm", "mut_assignments": {"1": {"ssms": ["s19", "s18", "s13", "s12", "s11", "s10", "s17", "s16", "s15", "s14", "s9", "s8", "s3", "s2", "s1", "s0", "s7", "s6", "s5", "s4", "s22", "s23", "s20", "s21", "s24"], "cnvs": []}, "2": {"ssms": ["s52", "s45", "s46", "s47", "s40", "s41", "s42", "s43", "s48", "s49", "s63", "s39", "s38", "s35", "s34", "s37", "s36", "s31", "s30", "s33", "s32", "s26", "s27", "s25", "s28", "s29"], "cnvs": []}, "3": {"ssms": ["s96", "s95", "s94", "s53", "s50", "s79", "s61", "s81", "s82", "s99", "s85", "s86", "s90"], "cnvs": []}, "4": {"ssms": ["s97", "s77", "s114", "s98", "s109", "s89", "s75", "s88", "s100", "s76", "s80", "s83", "s84", "s87", "s92", "s91"], "cnvs": []}, "5": {"ssms": ["s116"], "cnvs": []}, "6": {"ssms": ["s78"], "cnvs": []}, "7": {"ssms": ["s115", "s110", "s121", "s105", "s107", "s93"], "cnvs": []}, "8": {"ssms": ["s57", "s56", "s55", "s54", "s51", "s65", "s59", "s58", "s71", "s70", "s73", "s72", "s66", "s74", "s69", "s62", "s68", "s60", "s44", "s67", "s64"], "cnvs": []}, "9": {"ssms": ["s120", "s104", "s111", "s118"], "cnvs": []}, "10": {"ssms": ["s106", "s119", "s122"], "cnvs": []}, "11": {"ssms": ["s117", "s113", "s112", "s123", "s124", "s101", "s108"], "cnvs": []}, "12": {"ssms": ["s102"], "cnvs": []}, "13": {"ssms": ["s103"], "cnvs": []}}}