{"dataset_name": "data_emptysim.6.300.25.ssm", "mut_assignments": {"1": {"ssms": ["s19", "s18", "s13", "s12", "s11", "s10", "s17", "s16", "s15", "s14", "s9", "s8", "s3", "s2", "s1", "s0", "s7", "s6", "s5", "s4", "s22", "s23", "s20", "s21", "s24"], "cnvs": []}, "2": {"ssms": ["s44", "s45", "s46", "s47", "s40", "s41", "s42", "s43", "s48", "s49", "s63", "s39", "s38", "s35", "s34", "s37", "s36", "s31", "s30", "s33", "s32", "s26", "s27", "s25", "s28", "s29"], "cnvs": []}, "3": {"ssms": ["s95", "s99", "s98", "s50", "s79", "s78", "s88", "s82", "s83", "s84", "s85", "s86", "s92", "s89", "s90"], "cnvs": []}, "4": {"ssms": ["s117", "s116", "s114", "s113", "s111", "s77", "s97", "s121", "s124", "s109", "s104", "s75", "s100", "s101", "s102", "s120", "s93", "s118"], "cnvs": []}, "5": {"ssms": ["s119"], "cnvs": []}, "6": {"ssms": ["s106"], "cnvs": []}, "7": {"ssms": ["s115", "s107", "s105", "s110"], "cnvs": []}, "8": {"ssms": ["s57", "s56", "s55", "s54", "s53", "s52", "s51", "s59", "s58", "s71", "s70", "s73", "s72", "s74", "s96", "s94", "s68", "s69", "s66", "s67", "s64", "s65", "s62", "s60", "s61"], "cnvs": []}, "9": {"ssms": ["s91", "s80", "s81"], "cnvs": []}, "10": {"ssms": ["s108"], "cnvs": []}, "11": {"ssms": ["s103"], "cnvs": []}, "12": {"ssms": ["s76"], "cnvs": []}, "13": {"ssms": ["s87", "s112", "s122", "s123"], "cnvs": []}}}