{"dataset_name": "data_emptysim.6.300.25.ssm", "mut_assignments": {"1": {"ssms": ["s19", "s18", "s13", "s12", "s11", "s10", "s17", "s16", "s15", "s14", "s9", "s8", "s3", "s2", "s1", "s0", "s7", "s6", "s5", "s4", "s22", "s23", "s20", "s21", "s24"], "cnvs": []}, "2": {"ssms": ["s45", "s46", "s47", "s40", "s41", "s42", "s43", "s48", "s49", "s63", "s39", "s38", "s35", "s34", "s37", "s36", "s31", "s33", "s32", "s26", "s27", "s25", "s28", "s29"], "cnvs": []}, "3": {"ssms": ["s30", "s58", "s71", "s69", "s67", "s64", "s44", "s74"], "cnvs": []}, "4": {"ssms": ["s97", "s95", "s113", "s109", "s115", "s77", "s76", "s81", "s83", "s84", "s93", "s92", "s89"], "cnvs": []}, "5": {"ssms": ["s122", "s123", "s103", "s80", "s87", "s88", "s118"], "cnvs": []}, "6": {"ssms": ["s100", "s124"], "cnvs": []}, "7": {"ssms": ["s114", "s91", "s75"], "cnvs": []}, "8": {"ssms": ["s116"], "cnvs": []}, "9": {"ssms": ["s112", "s120", "s121", "s101", "s102", "s119"], "cnvs": []}, "10": {"ssms": ["s57", "s56", "s55", "s54", "s53", "s52", "s51", "s50", "s59", "s79", "s70", "s73", "s72", "s90", "s96", "s94", "s99", "s68", "s66", "s65", "s62", "s60", "s61", "s82", "s85", "s86"], "cnvs": []}, "11": {"ssms": ["s117", "s78"], "cnvs": []}, "12": {"ssms": ["s104", "s98"], "cnvs": []}, "13": {"ssms": ["s111", "s110", "s108", "s105", "s106", "s107"], "cnvs": []}}}