{"dataset_name": "data_emptysim.6.300.25.ssm", "mut_assignments": {"1": {"ssms": ["s19", "s18", "s13", "s12", "s11", "s10", "s17", "s16", "s15", "s14", "s9", "s8", "s3", "s2", "s1", "s0", "s7", "s6", "s5", "s4", "s22", "s23", "s20", "s21", "s24"], "cnvs": []}, "2": {"ssms": ["s44", "s45", "s46", "s47", "s40", "s41", "s42", "s43", "s48", "s49", "s71", "s63", "s39", "s38", "s35", "s34", "s37", "s36", "s31", "s30", "s33", "s32", "s26", "s27", "s25", "s28", "s29"], "cnvs": []}, "3": {"ssms": ["s55", "s52", "s51", "s50", "s59", "s58", "s68", "s73", "s72", "s67", "s64", "s65", "s74"], "cnvs": []}, "4": {"ssms": ["s100", "s102", "s119", "s117", "s112", "s111", "s78", "s75", "s77", "s76", "s93", "s92", "s91", "s97", "s98", "s120", "s80", "s81", "s83", "s84", "s87", "s88", "s89"], "cnvs": []}, "5": {"ssms": ["s114", "s110", "s121", "s108", "s109", "s104", "s106", "s124", "s118"], "cnvs": []}, "6": {"ssms": ["s101", "s107"], "cnvs": []}, "7": {"ssms": ["s57", "s56", "s95", "s54", "s53", "s79", "s70", "s69", "s66", "s62", "s94", "s61", "s82", "s60", "s99", "s85", "s90"], "cnvs": []}, "8": {"ssms": ["s96", "s86"], "cnvs": []}, "9": {"ssms": ["s115"], "cnvs": []}, "10": {"ssms": ["s116"], "cnvs": []}, "11": {"ssms": ["s113", "s123"], "cnvs": []}, "12": {"ssms": ["s122"], "cnvs": []}, "13": {"ssms": ["s105"], "cnvs": []}, "14": {"ssms": ["s103"], "cnvs": []}}}