{"dataset_name": "data_emptysim.6.300.25.ssm", "mut_assignments": {"1": {"ssms": ["s19", "s18", "s13", "s12", "s11", "s10", "s17", "s16", "s15", "s14", "s9", "s8", "s3", "s2", "s1", "s0", "s7", "s6", "s5", "s4", "s22", "s23", "s20", "s21", "s24"], "cnvs": []}, "2": {"ssms": ["s52", "s44", "s45", "s46", "s47", "s40", "s41", "s42", "s43", "s48", "s49", "s71", "s63", "s39", "s38", "s35", "s34", "s37", "s36", "s31", "s33", "s32", "s26", "s27", "s25", "s28", "s29"], "cnvs": []}, "3": {"ssms": ["s96", "s54", "s99", "s30", "s59", "s67", "s64", "s62", "s61"], "cnvs": []}, "4": {"ssms": ["s117", "s97", "s98", "s111", "s88", "s78", "s75", "s87", "s77", "s76", "s102", "s80", "s81", "s93", "s92", "s89"], "cnvs": []}, "5": {"ssms": ["s124", "s103", "s113", "s115"], "cnvs": []}, "6": {"ssms": ["s106", "s119", "s112", "s122", "s107"], "cnvs": []}, "7": {"ssms": ["s101"], "cnvs": []}, "8": {"ssms": ["s114", "s120", "s121", "s108", "s109", "s105", "s100", "s84", "s118"], "cnvs": []}, "9": {"ssms": ["s57", "s56", "s55", "s53", "s51", "s50", "s58", "s79", "s70", "s73", "s72", "s74", "s91", "s90", "s95", "s94", "s68", "s69", "s66", "s65", "s60", "s82", "s83", "s85", "s86"], "cnvs": []}, "10": {"ssms": ["s110"], "cnvs": []}, "11": {"ssms": ["s104", "s123"], "cnvs": []}, "12": {"ssms": ["s116"], "cnvs": []}}}