{"dataset_name": "data_emptysim.6.300.25.ssm", "mut_assignments": {"1": {"ssms": ["s19", "s18", "s13", "s12", "s11", "s10", "s17", "s16", "s15", "s14", "s9", "s8", "s3", "s2", "s1", "s0", "s7", "s6", "s5", "s4", "s22", "s23", "s20", "s21", "s24"], "cnvs": []}, "2": {"ssms": ["s44", "s45", "s46", "s47", "s40", "s41", "s42", "s43", "s48", "s49", "s71", "s63", "s39", "s38", "s35", "s34", "s37", "s36", "s31", "s30", "s33", "s32", "s26", "s27", "s25", "s28", "s29"], "cnvs": []}, "3": {"ssms": ["s56", "s55", "s54", "s52", "s51", "s59", "s58", "s70", "s73", "s66", "s67", "s74", "s62", "s68", "s60", "s64"], "cnvs": []}, "4": {"ssms": ["s97", "s111", "s120", "s121", "s75", "s77", "s93"], "cnvs": []}, "5": {"ssms": ["s114", "s113", "s112", "s78", "s108", "s109", "s89", "s76", "s91", "s81", "s80", "s84", "s92", "s119", "s98"], "cnvs": []}, "6": {"ssms": ["s104"], "cnvs": []}, "7": {"ssms": ["s103", "s105"], "cnvs": []}, "8": {"ssms": ["s124", "s87", "s88"], "cnvs": []}, "9": {"ssms": ["s57", "s96", "s95", "s94", "s53", "s50", "s79", "s69", "s72", "s65", "s61", "s82", "s99", "s85", "s86", "s90"], "cnvs": []}, "10": {"ssms": ["s83", "s102"], "cnvs": []}, "11": {"ssms": ["s101", "s123", "s122", "s110"], "cnvs": []}, "12": {"ssms": ["s106", "s118"], "cnvs": []}, "13": {"ssms": ["s107"], "cnvs": []}, "14": {"ssms": ["s117", "s116", "s115", "s100"], "cnvs": []}}}