{"dataset_name": "data_emptysim.6.200.10.ssm", "mut_assignments": {"1": {"ssms": ["s9", "s8", "s3", "s2", "s1", "s0", "s7", "s6", "s5", "s4", "s19", "s10", "s15"], "cnvs": []}, "2": {"ssms": ["s22", "s23", "s20", "s21", "s24", "s28", "s18", "s13", "s12", "s11", "s17", "s16", "s14"], "cnvs": []}, "3": {"ssms": ["s45"], "cnvs": []}, "4": {"ssms": ["s47"], "cnvs": []}, "5": {"ssms": ["s41", "s46"], "cnvs": []}, "6": {"ssms": ["s40", "s42", "s39", "s48"], "cnvs": []}, "7": {"ssms": ["s43", "s33", "s32", "s30", "s26", "s27", "s25", "s35", "s34", "s36", "s37", "s31", "s29", "s38"], "cnvs": []}, "8": {"ssms": ["s49"], "cnvs": []}, "9": {"ssms": ["s44"], "cnvs": []}}}