{"dataset_name": "data_emptysim.6.200.10.ssm", "mut_assignments": {"1": {"ssms": ["s9", "s8", "s3", "s1", "s7", "s6", "s5", "s4"], "cnvs": []}, "2": {"ssms": ["s0", "s10", "s19", "s2"], "cnvs": []}, "3": {"ssms": ["s18", "s13", "s12", "s11", "s17", "s16", "s15", "s14"], "cnvs": []}, "4": {"ssms": ["s30", "s22", "s23", "s20", "s21", "s26", "s27", "s24", "s25", "s28", "s35", "s34", "s37", "s29"], "cnvs": []}, "5": {"ssms": ["s43", "s33", "s32", "s36", "s31", "s39", "s38"], "cnvs": []}, "6": {"ssms": ["s41", "s46", "s44", "s42", "s45", "s47", "s40"], "cnvs": []}, "7": {"ssms": ["s49", "s48"], "cnvs": []}}}