{"dataset_name": "data_emptysim.6.200.10.ssm", "mut_assignments": {"1": {"ssms": ["s9", "s8", "s3", "s2", "s1", "s0", "s7", "s6", "s5", "s4"], "cnvs": []}, "2": {"ssms": ["s10", "s19", "s18", "s14"], "cnvs": []}, "3": {"ssms": ["s22", "s21", "s27", "s24", "s28", "s13", "s12", "s11", "s17", "s16", "s15"], "cnvs": []}, "4": {"ssms": ["s33", "s32", "s30", "s23", "s20", "s26", "s25", "s35", "s34", "s36", "s31", "s29", "s38"], "cnvs": []}, "5": {"ssms": ["s47"], "cnvs": []}, "6": {"ssms": ["s43", "s37", "s39"], "cnvs": []}, "7": {"ssms": ["s41", "s46", "s44", "s42", "s45", "s48", "s49", "s40"], "cnvs": []}}}