{"dataset_name": "data_emptysim.6.200.10.ssm", "mut_assignments": {"1": {"ssms": ["s9", "s8", "s3", "s2", "s1", "s0", "s7", "s6", "s5", "s4", "s19"], "cnvs": []}, "2": {"ssms": ["s10", "s18", "s14"], "cnvs": []}, "3": {"ssms": ["s21", "s27", "s24", "s28", "s13", "s12", "s11", "s17", "s16", "s15"], "cnvs": []}, "4": {"ssms": ["s33", "s30", "s22", "s23", "s20", "s26", "s25", "s35", "s34", "s37", "s31", "s29", "s38"], "cnvs": []}, "5": {"ssms": ["s36", "s32", "s45"], "cnvs": []}, "6": {"ssms": ["s43", "s41", "s39", "s48"], "cnvs": []}, "7": {"ssms": ["s49", "s46", "s42", "s47"], "cnvs": []}, "8": {"ssms": ["s40"], "cnvs": []}, "9": {"ssms": ["s44"], "cnvs": []}}}