{"dataset_name": "data_emptysim.6.200.10.ssm", "mut_assignments": {"1": {"ssms": ["s9", "s8", "s3", "s2", "s1", "s0", "s7", "s6", "s5", "s4", "s19"], "cnvs": []}, "2": {"ssms": ["s22", "s25", "s28", "s18", "s13", "s12", "s11", "s10", "s17", "s16", "s15", "s14"], "cnvs": []}, "3": {"ssms": ["s32", "s30", "s23", "s20", "s21", "s26", "s27", "s24", "s35", "s36", "s31", "s29"], "cnvs": []}, "4": {"ssms": ["s45"], "cnvs": []}, "5": {"ssms": ["s43", "s46", "s39", "s41"], "cnvs": []}, "6": {"ssms": ["s40", "s42"], "cnvs": []}, "7": {"ssms": ["s48"], "cnvs": []}, "8": {"ssms": ["s47"], "cnvs": []}, "9": {"ssms": ["s34", "s33", "s37", "s38"], "cnvs": []}, "10": {"ssms": ["s49"], "cnvs": []}, "11": {"ssms": ["s44"], "cnvs": []}}}