{"dataset_name": "data_emptysim.6.200.10.ssm", "mut_assignments": {"1": {"ssms": ["s9", "s8", "s3", "s2", "s1", "s7", "s6", "s5", "s4", "s19"], "cnvs": []}, "2": {"ssms": ["s0", "s18", "s13", "s12", "s11", "s10", "s17", "s16", "s15"], "cnvs": []}, "3": {"ssms": ["s28", "s14"], "cnvs": []}, "4": {"ssms": ["s26", "s22"], "cnvs": []}, "5": {"ssms": ["s33", "s32", "s23", "s20", "s21", "s27", "s24", "s25", "s35", "s34", "s36", "s37", "s31", "s29", "s38"], "cnvs": []}, "6": {"ssms": ["s30", "s45", "s39"], "cnvs": []}, "7": {"ssms": ["s43", "s41", "s44", "s42", "s47", "s49", "s40", "s48"], "cnvs": []}, "8": {"ssms": ["s46"], "cnvs": []}}}